Order ID,Order Date,Ship Date,Ship Mode,Customer ID,Segment,Region,State,City,Category,Sub-Category,Product Name,Quantity,Discount,Sales,Profit
ORD-01578,2023-04-10,2023-04-11,Standard Class,CUST-0132,Consumer,West,Rajasthan,Udaipur,Technology,Machines,Label Maker,9,0.0,2989.98,615.54
ORD-00141,2025-06-16,2025-06-22,Second Class,CUST-0170,Home Office,West,Rajasthan,Jaipur,Office Supplies,Binders,View Binder,2,0.0,109.49,29.8
ORD-00111,2024-01-31,2024-02-02,Same Day,CUST-0386,Corporate,Central,Chhattisgarh,Raipur,Technology,Machines,Laminator,7,0.2,1393.01,18.71
ORD-00260,2024-04-10,2024-04-17,Same Day,CUST-0387,Corporate,North,Uttar Pradesh,Noida,Office Supplies,Art,Sketch Pad,3,0.0,15.04,2.87
ORD-01392,2024-05-18,2024-05-23,Same Day,CUST-0387,Home Office,Central,Madhya Pradesh,Bhopal,Technology,Phones,Smartphone X200,3,0.5,2059.15,-239.94
ORD-01745,2023-01-19,2023-01-21,Second Class,CUST-0354,Consumer,North,Delhi,New Delhi,Technology,Copiers,Desktop Copier,3,0.5,774.25,126.08
ORD-00515,2025-05-28,2025-05-30,Same Day,CUST-0010,Home Office,West,Maharashtra,Nagpur,Technology,Accessories,Wireless Mouse,10,0.3,1715.63,363.09
ORD-01518,2025-12-14,2025-12-20,Same Day,CUST-0088,Home Office,South,Karnataka,Mysore,Furniture,Chairs,Ergonomic Chair,9,0.0,1763.5,214.71
ORD-01387,2023-01-06,2023-01-12,First Class,CUST-0170,Corporate,West,Gujarat,Ahmedabad,Furniture,Bookcases,Metal Bookcase,4,0.4,676.22,-9.22
ORD-01059,2024-12-25,2024-12-29,Standard Class,CUST-0273,Consumer,North,Uttar Pradesh,Lucknow,Technology,Machines,Laminator,6,0.4,1734.9,281.11
ORD-01922,2023-05-18,2023-05-21,Same Day,CUST-0118,Corporate,East,West Bengal,Howrah,Furniture,Bookcases,Wooden Bookcase,2,0.0,202.49,23.92
ORD-01737,2023-04-10,2023-04-15,Second Class,CUST-0320,Home Office,West,Gujarat,Ahmedabad,Furniture,Tables,Conference Table,4,0.5,2626.13,117.07
ORD-00472,2023-04-21,2023-04-27,Second Class,CUST-0047,Consumer,South,Karnataka,Mysore,Technology,Machines,Laminator,8,0.1,4775.42,1219.21
ORD-01274,2023-06-13,2023-06-17,Same Day,CUST-0093,Consumer,North,Haryana,Faridabad,Technology,Phones,Phone Case,10,,3195.67,-406.14
ORD-01927,2025-05-05,2025-05-08,First Class,CUST-0217,Consumer,Central,Chhattisgarh,Raipur,Technology,Phones,Smartphone X200,3,0.15,393.0,-43.93
ORD-01545,2024-12-05,2024-12-09,Second Class,CUST-0211,Consumer,Central,Chhattisgarh,Raipur,Office Supplies,Labels,Address Labels,7,0.5,163.81,4.71
ORD-01090,2025-01-08,2025-01-15,Standard Class,CUST-0355,Home Office,East,Odisha,Bhubaneswar,Furniture,Furnishings,Wall Clock,7,0.3,4056.95,415.83
ORD-01355,2025-03-20,2025-03-27,Standard Class,CUST-0211,Home Office,Central,Chhattisgarh,Raipur,Technology,Phones,Smartphone X200,7,0.4,2377.46,513.13
ORD-00359,2025-06-12,2025-06-19,First Class,CUST-0025,Corporate,East,Jharkhand,Ranchi,Office Supplies,Labels,Address Labels,5,0.0,67.42,4.44
ORD-01328,2023-09-08,2023-09-11,Second Class,CUST-0085,Consumer,Central,Chhattisgarh,Raipur,Technology,Phones,Phone Case,8,0.0,8947.61,310.2
ORD-00197,2023-05-26,2023-05-30,Same Day,CUST-0074,Corporate,South,Tamil Nadu,Madurai,Office Supplies,Labels,Shipping Labels,7,0.1,874.99,285.38
ORD-01683,2024-04-18,2024-04-23,Second Class,CUST-0075,Home Office,North,Punjab,Amritsar,Technology,Accessories,USB Cable,1,0.0,602.44,148.42
ORD-01692,2025-02-02,2025-02-08,Standard Class,CUST-0347,Corporate,West,Goa,Panaji,Technology,Accessories,Keyboard,7,0.0,8194.29,2212.96
ORD-00611,2024-08-28,2024-08-31,First Class,CUST-0092,Corporate,Central,Chhattisgarh,Raipur,Technology,Machines,Label Maker,5,0.0,4908.99,139.39
ORD-00362,2023-06-06,2023-06-07,Standard Class,CUST-0382,Consumer,South,Tamil Nadu,Coimbatore,Office Supplies,Storage,Plastic Drawer,6,0.5,352.31,18.54
ORD-00003,2023-09-13,2023-09-17,First Class,CUST-0084,Corporate,North,Haryana,Faridabad,Technology,Accessories,USB Cable,1,0.1,1147.51,70.42
ORD-00667,2024-08-29,2024-09-05,Second Class,CUST-0090,Consumer,North,Haryana,Gurgaon,Office Supplies,Storage,File Cabinet,1,0.0,48.16,2.94
ORD-00528,2024-11-24,2024-12-01,Standard Class,CUST-0053,Home Office,North,Punjab,Ludhiana,Office Supplies,Labels,Shipping Labels,3,0.5,189.83,26.24
ORD-01118,2023-03-21,2023-03-25,Standard Class,CUST-0312,Consumer,South,Karnataka,Bangalore,Office Supplies,Storage,Plastic Drawer,10,0.3,675.81,30.59
ORD-00703,2025-07-04,2025-07-08,Same Day,CUST-0380,Home Office,West,Gujarat,Ahmedabad,Office Supplies,Labels,Address Labels,2,0.5,133.4,23.61
ORD-00603,2025-02-15,2025-02-21,First Class,CUST-0100,Corporate,North,Uttar Pradesh,Lucknow,Office Supplies,Art,Color Pencils,3,0.4,176.59,27.32
ORD-00659,2023-12-02,2023-12-07,Standard Class,CUST-0338,Consumer,South,Kerala,Kochi,Technology,Accessories,Wireless Mouse,6,0.0,923.75,-31.28
ORD-01918,2024-01-28,2024-02-03,First Class,CUST-0297,Consumer,South,Andhra Pradesh,Visakhapatnam,Technology,Phones,Cordless Phone,1,0.4,279.04,7.93
ORD-01825,2024-01-07,2024-01-08,Same Day,CUST-0082,Corporate,Central,Chhattisgarh,Raipur,Furniture,Tables,Computer Desk,8,0.0,1828.7,74.9
ORD-00763,2024-04-30,2024-05-07,Standard Class,CUST-0029,Home Office,North,Delhi,New Delhi,Technology,Phones,Phone Case,6,0.4,1212.71,104.26
ORD-00375,2024-11-22,2024-11-24,Standard Class,CUST-0251,Consumer,North,Haryana,Gurgaon,Office Supplies,Art,Color Pencils,9,,392.94,64.18
ORD-01960,2023-01-03,2023-01-07,Same Day,CUST-0035,Corporate,West,Gujarat,Ahmedabad,Office Supplies,Paper,Notebook,5,0.3,482.54,129.29
ORD-00673,2024-06-07,2024-06-11,Second Class,CUST-0320,Corporate,North,Delhi,New Delhi,Technology,Machines,Laminator,4,0.2,1502.64,-116.66
ORD-01038,2025-05-09,2025-05-13,Standard Class,CUST-0293,Home Office,North,Delhi,New Delhi,Office Supplies,Labels,Shipping Labels,7,0.0,956.02,248.69
ORD-00946,2024-03-06,2024-03-12,Same Day,CUST-0210,Corporate,Central,Chhattisgarh,Raipur,Technology,Phones,Smartphone X200,7,0.1,1524.73,380.56
ORD-00545,2025-04-26,2025-05-01,Standard Class,CUST-0115,Corporate,West,Rajasthan,Jaipur,Technology,Phones,Phone Case,4,0.0,910.99,54.4
ORD-01697,2024-12-04,2024-12-08,Standard Class,CUST-0109,Corporate,North,Uttar Pradesh,Noida,Technology,Phones,Cordless Phone,9,0.0,5792.79,-498.5
ORD-01670,2023-08-14,2023-08-21,Standard Class,CUST-0353,Corporate,North,Uttar Pradesh,Noida,Technology,Accessories,Power Bank,3,0.1,1294.55,28.3
ORD-00607,2024-02-21,2024-02-23,Standard Class,CUST-0011,Corporate,Central,Madhya Pradesh,Indore,Technology,Accessories,USB Cable,6,0.1,531.06,32.66
ORD-00502,2025-11-13,2025-11-18,Standard Class,CUST-0186,Corporate,South,Andhra Pradesh,Vijayawada,Office Supplies,Art,Sketch Pad,1,0.5,34.75,3.98
ORD-01496,2025-02-11,2025-02-16,Standard Class,CUST-0111,Corporate,East,West Bengal,Kolkata,Furniture,Bookcases,Glass Bookcase,9,0.4,6216.54,-93.77
ORD-01818,2024-02-26,2024-02-29,Standard Class,CUST-0243,Home Office,Central,Chhattisgarh,Raipur,Furniture,Bookcases,Metal Bookcase,6,0.0,962.54,161.93
ORD-01245,2024-12-04,2024-12-10,Same Day,CUST-0028,Home Office,Central,Madhya Pradesh,Bhopal,Office Supplies,Storage,Plastic Drawer,3,0.0,299.51,55.3
ORD-00242,2024-02-22,2024-02-26,Second Class,CUST-0229,Home Office,Central,Chhattisgarh,Raipur,Office Supplies,Labels,Shipping Labels,5,0.3,403.86,99.55
ORD-00877,2023-07-03,2023-07-08,Standard Class,CUST-0371,Consumer,South,Andhra Pradesh,Vijayawada,Office Supplies,Labels,Address Labels,6,0.2,585.4,140.29
ORD-01375,2024-03-30,2024-04-06,Same Day,CUST-0129,Consumer,East,Jharkhand,Ranchi,Technology,Accessories,Power Bank,9,0.1,1901.35,460.05
ORD-00695,2025-03-09,2025-03-15,Standard Class,CUST-0167,Home Office,West,Gujarat,Surat,Technology,Copiers,Desktop Copier,2,0.4,1176.7,-148.6
ORD-00285,2023-02-14,2023-02-15,Standard Class,CUST-0321,Corporate,South,Kerala,Trivandrum,Office Supplies,Art,Color Pencils,3,0.15,298.61,93.61
ORD-00413,2023-11-18,2023-11-24,Same Day,CUST-0175,Corporate,East,Jharkhand,Ranchi,Technology,Phones,Smartphone X200,6,0.4,5416.67,-960.73
ORD-01305,2023-04-04,2023-04-09,First Class,CUST-0383,Consumer,East,Bihar,Patna,Furniture,Furnishings,Table Lamp,3,0.5,298.56,0.86
ORD-01412,2023-09-15,2023-09-22,Standard Class,CUST-0328,Corporate,Central,Chhattisgarh,Raipur,Office Supplies,Binders,3-Ring Binder,1,0.0,72.73,15.95
ORD-01982,2024-12-01,2024-12-08,Same Day,CUST-0074,Corporate,South,Andhra Pradesh,Visakhapatnam,Office Supplies,Storage,Storage Box,2,,23.79,2.59
ORD-01842,2024-06-08,2024-06-10,First Class,CUST-0381,Home Office,North,Uttar Pradesh,Noida,Technology,Machines,Calculator,10,0.15,3344.95,446.87
ORD-01443,2023-07-25,2023-07-26,Second Class,CUST-0342,Corporate,South,Karnataka,Mysore,Technology,Phones,Cordless Phone,3,0.15,1661.2,233.0
ORD-00340,2024-10-29,2024-10-31,First Class,CUST-0070,Corporate,North,Punjab,Amritsar,Furniture,Furnishings,Wall Clock,2,0.0,932.42,3.77
ORD-00364,2025-11-17,2025-11-22,Standard Class,CUST-0047,Consumer,North,Uttar Pradesh,Lucknow,Office Supplies,Binders,3-Ring Binder,5,0.1,554.89,49.94
ORD-00904,2023-05-30,2023-06-06,Second Class,CUST-0398,Corporate,South,Tamil Nadu,Madurai,Office Supplies,Art,Marker Set,3,0.2,344.18,80.93
ORD-01012,2025-04-26,2025-05-03,Same Day,CUST-0114,Home Office,North,Punjab,Amritsar,Furniture,Bookcases,Glass Bookcase,2,0.0,509.68,7.37
ORD-01679,2024-11-12,2024-11-13,Same Day,CUST-0210,Consumer,South,Andhra Pradesh,Vijayawada,Technology,Machines,Label Maker,1,0.15,639.63,82.17
ORD-00736,2024-01-22,2024-01-28,Second Class,CUST-0260,Consumer,Central,Chhattisgarh,Raipur,Technology,Accessories,Keyboard,2,0.0,1479.35,372.6
ORD-00387,2024-10-31,2024-11-04,Second Class,CUST-0305,Home Office,North,Delhi,New Delhi,Technology,Copiers,Desktop Copier,1,0.0,410.78,76.17
ORD-01509,2025-10-21,2025-10-24,Second Class,CUST-0259,Corporate,South,Kerala,Trivandrum,Office Supplies,Storage,Storage Box,1,0.0,92.83,25.43
ORD-01150,2024-09-17,2024-09-21,Standard Class,CUST-0305,Corporate,Central,Chhattisgarh,Raipur,Technology,Copiers,Desktop Copier,1,0.0,509.26,107.77
ORD-00838,2024-04-03,2024-04-09,Second Class,CUST-0159,Home Office,East,West Bengal,Howrah,Office Supplies,Paper,Notebook,8,0.15,435.63,115.18
ORD-01664,2024-03-26,2024-03-29,Standard Class,CUST-0055,Home Office,East,Bihar,Patna,Technology,Accessories,USB Cable,6,0.2,2920.28,738.89
ORD-00639,2024-10-20,2024-10-26,Standard Class,CUST-0054,Corporate,Central,Chhattisgarh,Raipur,Office Supplies,Paper,Notebook,8,0.2,378.91,58.69
ORD-01171,2023-12-26,2023-12-28,First Class,CUST-0115,Home Office,South,Andhra Pradesh,Vijayawada,Office Supplies,Binders,3-Ring Binder,1,0.2,40.75,9.4
ORD-01638,2023-09-06,2023-09-10,First Class,CUST-0340,Home Office,South,Kerala,Kochi,Office Supplies,Labels,Address Labels,6,0.5,316.23,26.68
ORD-01446,2024-02-14,2024-02-16,Same Day,CUST-0015,Home Office,West,Rajasthan,Udaipur,Furniture,Tables,Round Meeting Table,6,0.0,4565.84,640.42
ORD-01280,2025-03-08,2025-03-11,First Class,CUST-0359,Corporate,East,Odisha,Bhubaneswar,Office Supplies,Storage,File Cabinet,7,0.2,193.07,30.5
ORD-00300,2024-04-21,2024-04-27,Second Class,CUST-0006,Home Office,East,Odisha,Bhubaneswar,Furniture,Chairs,Ergonomic Chair,2,0.3,1246.2,-8.09
ORD-00977,2025-11-24,2025-12-01,Same Day,CUST-0357,Home Office,North,Punjab,Amritsar,Technology,Accessories,Power Bank,7,0.5,4515.68,359.23
ORD-01859,2023-02-20,2023-02-21,Second Class,CUST-0352,Home Office,North,Haryana,Faridabad,Technology,Accessories,USB Cable,2,0.0,498.39,71.99
ORD-00109,2024-04-20,2024-04-25,Standard Class,CUST-0172,Corporate,North,Punjab,Amritsar,Furniture,Chairs,Ergonomic Chair,8,0.15,1778.41,247.53
ORD-01472,2023-12-31,2024-01-06,Standard Class,CUST-0201,Home Office,West,Maharashtra,Pune,Technology,Machines,Calculator,7,0.0,4432.29,488.54
ORD-01583,2025-09-25,2025-09-28,Same Day,CUST-0318,Consumer,East,West Bengal,Kolkata,Furniture,Tables,Computer Desk,1,0.2,138.61,20.35
ORD-00518,2023-07-18,2023-07-24,Standard Class,CUST-0022,Home Office,North,Punjab,Amritsar,Office Supplies,Storage,Plastic Drawer,10,0.1,571.14,32.08
ORD-01017,2023-02-09,2023-02-11,First Class,CUST-0358,Consumer,East,Bihar,Patna,Technology,Copiers,Desktop Copier,3,0.2,2466.51,562.28
ORD-01016,2023-03-11,2023-03-16,Same Day,CUST-0049,Home Office,East,Bihar,Patna,Furniture,Furnishings,Cushion,1,0.0,626.19,117.57
ORD-01184,2025-12-18,2025-12-24,Same Day,CUST-0080,Consumer,West,Maharashtra,Pune,Furniture,Furnishings,Table Lamp,4,0.0,1854.87,163.47
ORD-01230,2024-03-24,2024-03-28,Standard Class,CUST-0085,Corporate,East,Bihar,Patna,Furniture,Furnishings,Wall Clock,4,0.1,1165.19,64.37
ORD-01973,2023-01-10,2023-01-11,Standard Class,CUST-0171,Corporate,Central,Chhattisgarh,Raipur,Technology,Machines,Calculator,2,0.2,753.27,-103.38
ORD-01532,2025-06-11,2025-06-14,Standard Class,CUST-0203,Consumer,North,Uttar Pradesh,Noida,Technology,Copiers,Desktop Copier,1,0.2,1079.8,-124.81
ORD-01606,2023-10-02,2023-10-09,Same Day,CUST-0257,Corporate,North,Haryana,Faridabad,Furniture,Bookcases,Wooden Bookcase,1,0.0,796.68,22.44
ORD-01466,2025-05-13,2025-05-15,Second Class,CUST-0002,Consumer,West,Rajasthan,Udaipur,Furniture,Bookcases,Metal Bookcase,6,0.5,1985.06,150.07
ORD-01498,2023-05-28,2023-06-03,Same Day,CUST-0155,Corporate,South,Karnataka,Bangalore,Office Supplies,Art,Color Pencils,7,0.0,759.78,88.1
ORD-01331,2023-11-07,2023-11-11,Same Day,CUST-0040,Consumer,East,West Bengal,Howrah,Technology,Accessories,USB Cable,9,0.0,5132.55,339.75
ORD-00331,2024-02-20,2024-02-22,Standard Class,CUST-0099,Consumer,Central,Madhya Pradesh,Indore,Technology,Accessories,Keyboard,7,0.0,3242.05,-78.5
ORD-01432,2024-12-22,2024-12-29,Second Class,CUST-0135,Corporate,West,Rajasthan,Jaipur,Technology,Copiers,Desktop Copier,2,0.0,1085.62,-89.63
ORD-00230,2025-06-12,2025-06-15,Second Class,CUST-0135,Home Office,East,Odisha,Bhubaneswar,Office Supplies,Art,Sketch Pad,6,0.0,453.67,139.56
ORD-00173,2024-10-15,2024-10-20,Standard Class,CUST-0392,Consumer,South,Tamil Nadu,Coimbatore,Furniture,Furnishings,Cushion,10,0.1,8726.86,-29.39
ORD-00451,2025-09-16,2025-09-22,Second Class,CUST-0192,Corporate,West,Goa,Panaji,Technology,Copiers,Desktop Copier,4,0.3,3795.22,-34.79
ORD-01525,2024-02-01,2024-02-06,First Class,CUST-0267,Home Office,West,Maharashtra,Pune,Office Supplies,Labels,Shipping Labels,8,0.0,132.38,7.28
ORD-00128,2025-07-29,2025-08-03,Same Day,CUST-0331,Corporate,South,Karnataka,Mysore,Technology,Phones,Phone Case,1,0.0,685.61,-45.88
ORD-01065,2025-10-01,2025-10-05,First Class,CUST-0122,Home Office,South,Tamil Nadu,Madurai,Furniture,Tables,Coffee Table,7,0.5,3769.08,-61.47
ORD-00038,2024-01-15,2024-01-17,First Class,CUST-0358,Consumer,South,Andhra Pradesh,Visakhapatnam,Technology,Machines,Laminator,4,0.5,1351.87,-240.89
ORD-00427,2025-04-29,2025-04-30,Standard Class,CUST-0315,Corporate,Central,Chhattisgarh,Raipur,Office Supplies,Binders,3-Ring Binder,2,0.0,92.75,31.13
ORD-00205,2024-04-18,2024-04-22,Standard Class,CUST-0005,Consumer,East,Bihar,Patna,Furniture,Chairs,Mesh Office Chair,1,0.3,708.75,52.9
ORD-01250,2024-08-27,2024-09-03,Second Class,CUST-0283,Corporate,South,Kerala,Kochi,Technology,Machines,Laminator,7,0.0,7907.24,-4.29
ORD-00186,2023-05-18,2023-05-19,Standard Class,CUST-0055,Home Office,West,Goa,Panaji,Office Supplies,Labels,Shipping Labels,1,0.3,86.76,3.03
ORD-01269,2025-01-31,2025-02-07,Same Day,CUST-0145,Home Office,Central,Chhattisgarh,Raipur,Technology,Phones,Phone Case,8,0.0,4004.03,1154.48
ORD-00059,2023-10-05,2023-10-09,Second Class,CUST-0186,Consumer,West,Rajasthan,Udaipur,Technology,Accessories,Power Bank,2,0.15,2158.13,102.19
ORD-01507,2023-12-03,2023-12-09,Same Day,CUST-0090,Consumer,South,Karnataka,Bangalore,Technology,Accessories,Wireless Mouse,8,0.15,534.43,63.73
ORD-00863,2024-08-03,2024-08-06,Same Day,CUST-0139,Consumer,South,Andhra Pradesh,Vijayawada,Office Supplies,Labels,Address Labels,10,0.1,474.94,53.52
ORD-01877,2024-11-10,2024-11-13,First Class,CUST-0384,Home Office,South,Andhra Pradesh,Visakhapatnam,Furniture,Chairs,Mesh Office Chair,7,0.4,3670.29,187.21
ORD-01333,2024-03-28,2024-04-01,Second Class,CUST-0126,Corporate,West,Rajasthan,Jaipur,Furniture,Furnishings,Photo Frame,10,0.3,1266.51,-101.23
ORD-01165,2025-07-01,2025-07-02,Standard Class,CUST-0036,Corporate,North,Delhi,New Delhi,Furniture,Bookcases,Glass Bookcase,5,0.15,1673.04,-71.07
ORD-01316,2024-03-06,2024-03-10,Second Class,CUST-0208,Home Office,Central,Madhya Pradesh,Indore,Technology,Phones,Cordless Phone,8,0.5,2705.55,137.64
ORD-01415,2025-07-04,2025-07-08,Same Day,CUST-0269,Consumer,North,Uttar Pradesh,Lucknow,Technology,Copiers,Desktop Copier,7,0.3,2881.45,-119.87
ORD-00612,2025-08-05,2025-08-06,Same Day,CUST-0093,Corporate,West,Maharashtra,Pune,Furniture,Bookcases,Metal Bookcase,9,0.15,2222.93,320.68
ORD-00035,2025-09-17,2025-09-21,Same Day,CUST-0109,Corporate,West,Rajasthan,Udaipur,Furniture,Chairs,Folding Chair,8,0.3,2038.17,-52.79
ORD-00831,2023-12-06,2023-12-12,First Class,CUST-0324,Home Office,West,Maharashtra,Mumbai,Technology,Copiers,All-in-One Printer,10,0.15,5627.48,1297.31
ORD-01827,2025-10-19,2025-10-21,First Class,CUST-0345,Home Office,South,Andhra Pradesh,Vijayawada,Technology,Copiers,All-in-One Printer,7,0.5,6233.26,1066.88
ORD-00361,2024-07-30,2024-08-02,Standard Class,CUST-0214,Corporate,West,Goa,Panaji,Furniture,Chairs,Mesh Office Chair,3,0.5,1256.57,4.22
ORD-01050,2025-06-05,2025-06-10,Second Class,CUST-0114,Corporate,West,Rajasthan,Udaipur,Technology,Copiers,Desktop Copier,2,0.0,476.28,17.42
ORD-01649,2023-08-27,2023-08-31,Same Day,CUST-0240,Consumer,South,Andhra Pradesh,Visakhapatnam,Technology,Phones,Smartphone X200,3,0.0,399.99,65.26
ORD-01900,2023-07-25,2023-07-29,Standard Class,CUST-0009,Corporate,Central,Chhattisgarh,Raipur,Furniture,Bookcases,Metal Bookcase,1,0.15,389.43,-5.26
ORD-00596,2025-02-25,2025-03-04,Same Day,CUST-0069,Home Office,West,Maharashtra,Mumbai,Technology,Machines,Laminator,1,0.0,927.85,166.54
ORD-01279,2024-10-20,2024-10-23,Standard Class,CUST-0368,Home Office,East,Odisha,Bhubaneswar,Office Supplies,Storage,Plastic Drawer,9,0.2,387.64,14.41
ORD-00591,2025-04-08,2025-04-12,Same Day,CUST-0246,Corporate,South,Karnataka,Mysore,Technology,Copiers,Desktop Copier,7,0.1,1445.86,142.67
ORD-00654,2023-12-31,2024-01-03,Same Day,CUST-0324,Home Office,South,Kerala,Trivandrum,Furniture,Tables,Conference Table,4,0.15,860.39,-48.95
ORD-00916,2024-12-16,2024-12-19,Second Class,CUST-0038,Home Office,South,Tamil Nadu,Coimbatore,Technology,Machines,Laminator,6,0.15,977.74,-98.61
ORD-00770,2024-03-20,2024-03-21,Same Day,CUST-0222,Corporate,North,Uttar Pradesh,Noida,Furniture,Bookcases,Metal Bookcase,4,0.5,332.45,-26.79
ORD-00453,2023-02-20,2023-02-22,Standard Class,CUST-0185,Consumer,West,Gujarat,Surat,Technology,Phones,Cordless Phone,2,0.0,1357.3,-82.3
ORD-01817,2024-09-05,2024-09-11,First Class,CUST-0335,Corporate,East,Jharkhand,Ranchi,Technology,Phones,Cordless Phone,7,0.5,6369.84,-811.0
ORD-00588,2025-11-14,2025-11-17,Standard Class,CUST-0171,Home Office,South,Kerala,Kochi,Office Supplies,Paper,Sticky Notes,1,0.0,115.63,15.15
ORD-00008,2025-11-05,2025-11-10,Standard Class,CUST-0044,Home Office,South,Karnataka,Mysore,Furniture,Chairs,Folding Chair,8,0.15,733.22,-14.76
ORD-01767,2025-01-21,2025-01-25,Same Day,CUST-0293,Home Office,North,Punjab,Amritsar,Technology,Copiers,Desktop Copier,5,0.2,3437.15,-324.92
ORD-00706,2024-05-24,2024-05-26,Second Class,CUST-0090,Home Office,Central,Madhya Pradesh,Bhopal,Technology,Accessories,Wireless Mouse,8,0.15,7431.71,-497.98
ORD-01319,2025-07-20,2025-07-25,Same Day,CUST-0024,Consumer,South,Karnataka,Mysore,Furniture,Tables,Coffee Table,9,0.5,4417.8,69.31
ORD-01354,2025-06-24,2025-06-28,First Class,CUST-0006,Consumer,South,Kerala,Trivandrum,Furniture,Tables,Coffee Table,5,0.1,1757.97,139.69
ORD-00021,2024-02-13,2024-02-20,First Class,CUST-0015,Consumer,West,Rajasthan,Udaipur,Furniture,Tables,Round Meeting Table,4,0.15,1553.75,12.1
ORD-01154,2023-05-21,2023-05-25,Second Class,CUST-0185,Consumer,North,Uttar Pradesh,Noida,Office Supplies,Paper,Sticky Notes,1,0.15,24.81,6.35
ORD-01191,2023-07-05,2023-07-06,First Class,CUST-0165,Home Office,North,Haryana,Gurgaon,Furniture,Bookcases,Metal Bookcase,7,0.3,1865.47,193.79
ORD-01076,2024-12-29,2024-12-30,Same Day,CUST-0002,Home Office,South,Tamil Nadu,Chennai,Technology,Copiers,All-in-One Printer,7,0.1,4984.82,752.79
ORD-00207,2023-08-20,2023-08-22,Second Class,CUST-0248,Corporate,North,Punjab,Ludhiana,Office Supplies,Labels,Shipping Labels,10,0.2,294.06,79.04
ORD-00817,2024-02-29,2024-03-02,Standard Class,CUST-0232,Home Office,East,Bihar,Patna,Office Supplies,Paper,Notebook,5,0.0,300.1,65.72
ORD-00416,2025-11-30,2025-12-03,Same Day,CUST-0358,Corporate,West,Goa,Panaji,Technology,Machines,Label Maker,1,0.0,751.96,-13.5
ORD-01626,2024-07-16,2024-07-23,Same Day,CUST-0140,Corporate,North,Uttar Pradesh,Noida,Furniture,Bookcases,Glass Bookcase,9,0.0,4105.73,64.33
ORD-00928,2024-10-11,2024-10-12,Same Day,CUST-0288,Consumer,North,Haryana,Gurgaon,Technology,Phones,Cordless Phone,2,0.5,977.72,35.88
ORD-00721,2023-01-27,2023-01-28,Standard Class,CUST-0309,Consumer,West,Gujarat,Surat,Furniture,Furnishings,Cushion,2,0.3,1633.97,68.07
ORD-01632,2024-10-03,2024-10-08,Standard Class,CUST-0088,Consumer,East,Odisha,Bhubaneswar,Furniture,Furnishings,Table Lamp,2,0.3,1535.89,150.57
ORD-00732,2025-07-14,2025-07-17,Standard Class,CUST-0315,Consumer,Central,Chhattisgarh,Raipur,Furniture,Furnishings,Wall Clock,9,0.0,7953.72,1018.3
ORD-00218,2024-04-04,2024-04-10,Second Class,CUST-0318,Corporate,Central,Chhattisgarh,Raipur,Technology,Machines,Calculator,1,0.2,1081.19,170.25
ORD-00420,2023-10-28,2023-11-03,First Class,CUST-0300,Corporate,West,Goa,Panaji,Furniture,Chairs,Ergonomic Chair,3,0.5,1199.85,-59.17
ORD-01252,2025-05-20,2025-05-23,Standard Class,CUST-0181,Home Office,Central,Madhya Pradesh,Indore,Office Supplies,Storage,Plastic Drawer,1,0.15,125.76,36.43
ORD-00987,2024-12-01,2024-12-03,Second Class,CUST-0258,Corporate,West,Rajasthan,Udaipur,Technology,Phones,Cordless Phone,9,0.15,2098.25,-165.41
ORD-01636,2023-11-08,2023-11-10,Second Class,CUST-0141,Home Office,Central,Chhattisgarh,Raipur,Office Supplies,Paper,Notebook,3,0.4,265.41,12.8
ORD-00922,2023-03-20,2023-03-21,First Class,CUST-0096,Home Office,North,Punjab,Amritsar,Technology,Accessories,Keyboard,6,0.4,3443.21,-133.57
ORD-00971,2023-02-22,2023-02-25,First Class,CUST-0278,Home Office,West,Rajasthan,Jaipur,Furniture,Furnishings,Table Lamp,3,0.2,1522.47,83.73
ORD-01313,2025-10-22,2025-10-24,Second Class,CUST-0113,Home Office,East,Odisha,Bhubaneswar,Office Supplies,Storage,Plastic Drawer,5,0.3,384.79,23.35
ORD-01718,2023-01-21,2023-01-24,Same Day,CUST-0354,Corporate,East,Bihar,Patna,Office Supplies,Paper,A4 Copy Paper,3,0.0,286.27,66.04
ORD-01565,2023-06-19,2023-06-20,Second Class,CUST-0377,Consumer,West,Rajasthan,Udaipur,Furniture,Bookcases,Wooden Bookcase,8,0.1,2602.93,319.83
ORD-01847,2024-08-12,2024-08-18,First Class,CUST-0122,Home Office,West,Gujarat,Surat,Office Supplies,Art,Color Pencils,8,0.0,720.82,191.02
ORD-00798,2024-09-26,2024-10-01,Same Day,CUST-0275,Home Office,West,Gujarat,Surat,Furniture,Chairs,Mesh Office Chair,10,0.4,6929.36,-781.11
ORD-01261,2025-08-28,2025-09-03,First Class,CUST-0004,Corporate,East,Odisha,Bhubaneswar,Office Supplies,Labels,Shipping Labels,7,0.4,500.79,99.83
ORD-01795,2025-04-27,2025-05-04,First Class,CUST-0041,Corporate,South,Andhra Pradesh,Visakhapatnam,Office Supplies,Art,Sketch Pad,10,0.2,979.64,21.73
ORD-00529,2024-08-30,2024-08-31,Standard Class,CUST-0252,Consumer,Central,Chhattisgarh,Raipur,Furniture,Tables,Round Meeting Table,4,0.1,1669.37,267.8
ORD-01754,2023-05-13,2023-05-20,First Class,CUST-0196,Home Office,Central,Chhattisgarh,Raipur,Technology,Machines,Laminator,1,0.3,166.89,0.09
ORD-00052,2024-09-05,2024-09-06,Second Class,CUST-0255,Home Office,North,Haryana,Gurgaon,Office Supplies,Storage,File Cabinet,7,0.0,574.13,42.31
ORD-00037,2025-04-08,2025-04-14,Second Class,CUST-0162,Consumer,South,Kerala,Trivandrum,Office Supplies,Labels,Shipping Labels,7,0.4,522.41,23.73
ORD-01047,2023-01-28,2023-02-01,Second Class,CUST-0127,Consumer,East,Odisha,Bhubaneswar,Office Supplies,Labels,Address Labels,5,0.0,113.84,38.26
ORD-01281,2025-02-17,2025-02-18,Second Class,CUST-0101,Corporate,South,Andhra Pradesh,Vijayawada,Office Supplies,Paper,Sticky Notes,9,0.0,629.18,201.68
ORD-01484,2023-12-24,2023-12-26,Standard Class,CUST-0321,Home Office,West,Goa,Panaji,Office Supplies,Labels,Shipping Labels,10,0.1,284.62,16.5
ORD-00563,2024-09-30,2024-10-02,Standard Class,CUST-0231,Consumer,South,Andhra Pradesh,Visakhapatnam,Office Supplies,Art,Color Pencils,5,0.3,433.72,41.58
ORD-00397,2024-05-19,2024-05-26,Same Day,CUST-0233,Home Office,West,Maharashtra,Pune,Furniture,Bookcases,Glass Bookcase,2,0.2,758.05,-39.08
ORD-01648,2024-12-13,2024-12-18,Second Class,CUST-0240,Consumer,North,Uttar Pradesh,Kanpur,Furniture,Furnishings,Photo Frame,10,0.0,1227.47,-56.52
ORD-01126,2023-05-09,2023-05-12,Standard Class,CUST-0263,Home Office,South,Tamil Nadu,Coimbatore,Technology,Machines,Label Maker,6,0.1,2482.54,210.38
ORD-00752,2025-06-28,2025-07-02,First Class,CUST-0238,Home Office,West,Rajasthan,Udaipur,Office Supplies,Art,Marker Set,9,0.1,318.29,79.19
ORD-01139,2025-02-16,2025-02-19,Same Day,CUST-0003,Corporate,South,Andhra Pradesh,Vijayawada,Technology,Accessories,Wireless Mouse,8,0.5,7028.14,422.13
ORD-01318,2023-06-30,2023-07-05,Standard Class,CUST-0061,Consumer,Central,Madhya Pradesh,Bhopal,Technology,Copiers,Desktop Copier,9,0.4,637.84,67.68
ORD-00351,2024-08-05,2024-08-09,Standard Class,CUST-0341,Corporate,South,Karnataka,Mysore,Furniture,Tables,Computer Desk,3,0.0,825.25,49.7
ORD-01026,2023-03-07,2023-03-12,Standard Class,CUST-0046,Corporate,North,Uttar Pradesh,Kanpur,Furniture,Bookcases,Wooden Bookcase,1,0.3,548.28,9.65
ORD-01905,2024-06-14,2024-06-18,Standard Class,CUST-0379,Consumer,North,Delhi,New Delhi,Furniture,Tables,Round Meeting Table,1,0.3,402.24,-25.15
ORD-00526,2024-01-22,2024-01-27,Same Day,CUST-0052,Home Office,West,Gujarat,Surat,Furniture,Bookcases,Wooden Bookcase,3,0.0,2251.05,-72.01
ORD-00821,2025-08-21,2025-08-25,Second Class,CUST-0126,Consumer,South,Karnataka,Bangalore,Furniture,Chairs,Executive Leather Chair,2,0.4,529.08,4.42
ORD-00442,2023-02-23,2023-02-27,Same Day,CUST-0096,Consumer,Central,Chhattisgarh,Raipur,Furniture,Chairs,Executive Leather Chair,10,0.0,6649.06,727.01
ORD-00147,2024-07-02,2024-07-09,Standard Class,CUST-0225,Consumer,Central,Chhattisgarh,Raipur,Technology,Copiers,Desktop Copier,7,0.15,6110.41,-151.99
ORD-01619,2023-12-06,2023-12-08,Standard Class,CUST-0135,Consumer,South,Tamil Nadu,Chennai,Furniture,Bookcases,Wooden Bookcase,6,0.0,2360.63,-9.18
ORD-00947,2023-10-13,2023-10-14,Same Day,CUST-0128,Consumer,North,Delhi,New Delhi,Furniture,Furnishings,Photo Frame,2,0.0,372.38,22.95
ORD-00864,2025-09-10,2025-09-12,Standard Class,CUST-0140,Home Office,West,Gujarat,Ahmedabad,Furniture,Furnishings,Photo Frame,4,0.0,3555.7,-80.16
ORD-00238,2025-11-12,2025-11-15,Second Class,CUST-0244,Home Office,South,Kerala,Trivandrum,Technology,Phones,Smartphone X200,7,0.5,1682.07,70.99
ORD-01873,2023-06-16,2023-06-21,Same Day,CUST-0049,Consumer,East,Bihar,Patna,Technology,Machines,Calculator,7,0.0,3036.71,123.1
ORD-00562,2023-07-08,2023-07-11,Same Day,CUST-0053,Home Office,Central,Chhattisgarh,Raipur,Technology,Copiers,All-in-One Printer,9,0.1,2947.31,-22.3
ORD-00670,2024-09-12,2024-09-17,Second Class,CUST-0348,Corporate,Central,Madhya Pradesh,Bhopal,Office Supplies,Labels,Shipping Labels,4,0.0,273.43,68.75
ORD-00929,2023-09-27,2023-10-04,Same Day,CUST-0214,Consumer,West,Maharashtra,Pune,Office Supplies,Paper,A4 Copy Paper,9,0.0,1162.67,384.32
ORD-01716,2023-12-01,2023-12-08,Same Day,CUST-0333,Consumer,East,West Bengal,Kolkata,Office Supplies,Storage,File Cabinet,5,0.1,390.79,105.02
ORD-01641,2025-04-30,2025-05-01,Second Class,CUST-0336,Consumer,Central,Chhattisgarh,Raipur,Technology,Machines,Label Maker,10,0.1,11055.02,1132.22
ORD-00755,2025-08-17,2025-08-19,First Class,CUST-0104,Home Office,South,Andhra Pradesh,Visakhapatnam,Technology,Phones,Phone Case,2,0.0,119.94,32.7
ORD-01969,2025-02-12,2025-02-16,Same Day,CUST-0329,Consumer,East,West Bengal,Howrah,Technology,Copiers,All-in-One Printer,9,0.0,1230.14,338.16
ORD-01324,2024-09-11,2024-09-18,First Class,CUST-0012,Consumer,East,Bihar,Patna,Technology,Machines,Label Maker,7,,2630.86,585.34
ORD-01447,2024-06-11,2024-06-16,First Class,CUST-0038,Corporate,North,Uttar Pradesh,Noida,Furniture,Chairs,Executive Leather Chair,7,0.1,3722.52,-241.8
ORD-00501,2024-06-06,2024-06-09,First Class,CUST-0289,Home Office,West,Gujarat,Surat,Office Supplies,Binders,Clip Binder,7,0.15,172.27,39.46
ORD-00439,2024-11-05,2024-11-08,Standard Class,CUST-0171,Home Office,North,Delhi,New Delhi,Office Supplies,Art,Marker Set,10,0.1,1363.66,138.42
ORD-01935,2024-10-09,2024-10-12,First Class,CUST-0096,Consumer,North,Uttar Pradesh,Lucknow,Technology,Machines,Label Maker,8,0.0,7197.71,889.41
ORD-00664,2023-08-06,2023-08-10,Same Day,CUST-0395,Consumer,North,Haryana,Gurgaon,Technology,Copiers,Desktop Copier,3,0.4,1297.79,114.31
ORD-01977,2025-09-05,2025-09-11,Standard Class,CUST-0141,Consumer,West,Rajasthan,Jaipur,Technology,Machines,Label Maker,6,0.0,1141.38,113.9
ORD-00726,2023-08-17,2023-08-19,First Class,CUST-0204,Consumer,Central,Chhattisgarh,Raipur,Technology,Accessories,Power Bank,10,0.3,1402.52,-33.57
ORD-01288,2024-01-18,2024-01-21,Standard Class,CUST-0034,Corporate,South,Andhra Pradesh,Visakhapatnam,Furniture,Tables,Computer Desk,9,0.1,6908.24,701.2
ORD-00263,2023-02-15,2023-02-17,Same Day,CUST-0357,Consumer,North,Haryana,Faridabad,Furniture,Furnishings,Table Lamp,4,0.3,560.42,-17.99
ORD-00142,2025-05-23,2025-05-27,Standard Class,CUST-0296,Consumer,South,Andhra Pradesh,Vijayawada,Furniture,Furnishings,Photo Frame,1,0.3,623.04,-7.97
ORD-00352,2024-12-05,2024-12-07,First Class,CUST-0332,Home Office,East,Jharkhand,Ranchi,Technology,Machines,Laminator,1,0.4,191.13,39.77
ORD-00368,2025-09-01,2025-09-07,Second Class,CUST-0034,Corporate,East,Odisha,Bhubaneswar,Technology,Copiers,Desktop Copier,7,0.0,1034.3,301.01
ORD-01862,2024-01-17,2024-01-23,Same Day,CUST-0307,Corporate,West,Goa,Panaji,Office Supplies,Storage,Storage Box,7,0.5,761.56,118.25
ORD-00312,2024-11-28,2024-11-30,Standard Class,CUST-0228,Consumer,Central,Chhattisgarh,Raipur,Technology,Machines,Calculator,4,0.4,3168.96,-157.97
ORD-01128,2025-03-22,2025-03-24,First Class,CUST-0246,Consumer,Central,Chhattisgarh,Raipur,Technology,Copiers,All-in-One Printer,6,0.0,4342.28,490.27
ORD-01986,2023-10-01,2023-10-07,First Class,CUST-0038,Corporate,East,Bihar,Patna,Technology,Copiers,Desktop Copier,6,0.15,4296.95,340.8
ORD-00455,2023-01-25,2023-01-29,First Class,CUST-0097,Corporate,Central,Madhya Pradesh,Indore,Furniture,Tables,Computer Desk,8,0.4,1912.44,96.82
ORD-01294,2025-05-30,2025-06-06,Standard Class,CUST-0145,Home Office,South,Tamil Nadu,Chennai,Furniture,Furnishings,Wall Clock,9,0.3,5103.48,565.26
ORD-01684,2024-04-22,2024-04-28,Second Class,CUST-0032,Corporate,West,Goa,Panaji,Furniture,Furnishings,Table Lamp,6,0.5,1604.35,-25.89
ORD-01635,2025-04-07,2025-04-10,Same Day,CUST-0368,Home Office,South,Andhra Pradesh,Vijayawada,Technology,Copiers,All-in-One Printer,4,0.15,4415.0,-300.63
ORD-01173,2025-01-19,2025-01-23,Standard Class,CUST-0384,Home Office,South,Kerala,Trivandrum,Furniture,Bookcases,Wooden Bookcase,6,0.3,2936.57,69.57
ORD-00342,2023-12-15,2023-12-20,Second Class,CUST-0303,Consumer,Central,Madhya Pradesh,Bhopal,Office Supplies,Labels,Shipping Labels,4,0.3,459.96,29.44
ORD-00684,2025-11-07,2025-11-13,Same Day,CUST-0090,Corporate,Central,Chhattisgarh,Raipur,Technology,Accessories,Keyboard,3,0.3,1779.52,-164.34
ORD-00962,2025-12-19,2025-12-23,Second Class,CUST-0111,Corporate,South,Tamil Nadu,Chennai,Office Supplies,Labels,Shipping Labels,2,0.15,115.41,33.75
ORD-01792,2024-03-28,2024-03-29,Standard Class,CUST-0177,Consumer,East,Bihar,Patna,Technology,Phones,Smartphone X200,10,0.3,6427.59,-287.42
ORD-00856,2024-09-01,2024-09-02,First Class,CUST-0208,Home Office,West,Maharashtra,Pune,Office Supplies,Binders,View Binder,6,0.0,75.29,14.54
ORD-01418,2023-03-18,2023-03-24,Same Day,CUST-0173,Home Office,North,Delhi,New Delhi,Office Supplies,Paper,Sticky Notes,1,0.5,8.28,0.1
ORD-00180,2024-04-06,2024-04-08,Standard Class,CUST-0174,Home Office,West,Maharashtra,Mumbai,Office Supplies,Binders,Clip Binder,5,0.3,71.7,0.9
ORD-00978,2025-06-20,2025-06-23,Second Class,CUST-0030,Home Office,Central,Chhattisgarh,Raipur,Technology,Phones,Cordless Phone,6,0.0,5844.7,1104.37
ORD-00807,2023-03-23,2023-03-26,Second Class,CUST-0241,Corporate,East,Jharkhand,Ranchi,Office Supplies,Storage,File Cabinet,9,0.4,1095.35,94.01
ORD-00398,2024-07-05,2024-07-10,Same Day,CUST-0048,Corporate,North,Haryana,Gurgaon,Technology,Copiers,All-in-One Printer,10,0.15,9280.61,-943.93
ORD-01314,2025-08-28,2025-08-29,Same Day,CUST-0029,Home Office,West,Maharashtra,Mumbai,Furniture,Tables,Coffee Table,10,0.3,1150.45,-35.56
ORD-00341,2024-02-02,2024-02-08,First Class,CUST-0310,Consumer,East,Bihar,Patna,Office Supplies,Paper,A4 Copy Paper,10,0.4,218.18,43.22
ORD-00597,2024-02-14,2024-02-16,Standard Class,CUST-0105,Consumer,East,Jharkhand,Ranchi,Technology,Machines,Laminator,4,0.1,2552.3,673.64
ORD-01134,2025-05-20,2025-05-24,First Class,CUST-0100,Consumer,Central,Madhya Pradesh,Bhopal,Office Supplies,Binders,View Binder,6,0.4,438.65,-11.6
ORD-01950,2024-06-02,2024-06-05,Second Class,CUST-0200,Corporate,East,Jharkhand,Ranchi,Technology,Accessories,USB Cable,5,0.0,530.65,55.41
ORD-00480,2024-03-05,2024-03-11,Second Class,CUST-0102,Corporate,West,Rajasthan,Jaipur,Furniture,Furnishings,Table Lamp,2,0.15,262.19,27.07
ORD-00805,2023-05-29,2023-06-03,First Class,CUST-0201,Corporate,South,Karnataka,Mysore,Technology,Machines,Laminator,5,0.2,466.92,60.08
ORD-00730,2023-08-03,2023-08-10,Standard Class,CUST-0287,Corporate,Central,Madhya Pradesh,Indore,Technology,Accessories,Power Bank,5,0.4,3351.16,731.61
ORD-01028,2025-05-17,2025-05-20,Same Day,CUST-0013,Home Office,South,Andhra Pradesh,Vijayawada,Furniture,Tables,Coffee Table,3,0.2,2069.37,-3.25
ORD-00072,2023-06-30,2023-07-04,Second Class,CUST-0398,Corporate,North,Punjab,Amritsar,Technology,Copiers,Desktop Copier,7,0.0,2133.66,239.49
ORD-01170,2023-02-06,2023-02-09,Standard Class,CUST-0016,Consumer,West,Maharashtra,Mumbai,Furniture,Furnishings,Wall Clock,4,0.0,501.65,-9.06
ORD-01734,2023-11-11,2023-11-14,Standard Class,CUST-0162,Home Office,West,Gujarat,Ahmedabad,Furniture,Furnishings,Wall Clock,2,0.5,685.76,21.96
ORD-01724,2023-09-26,2023-10-02,First Class,CUST-0364,Corporate,East,Odisha,Bhubaneswar,Office Supplies,Labels,Address Labels,2,0.0,100.87,30.23
ORD-00309,2025-07-02,2025-07-07,Same Day,CUST-0241,Consumer,East,Bihar,Patna,Furniture,Chairs,Ergonomic Chair,10,0.4,1655.03,-174.91
ORD-00572,2024-03-18,2024-03-22,Standard Class,CUST-0067,Consumer,West,Gujarat,Surat,Furniture,Bookcases,Wooden Bookcase,10,0.15,6728.11,653.49
ORD-01889,2023-05-18,2023-05-24,Standard Class,CUST-0044,Corporate,West,Maharashtra,Mumbai,Furniture,Tables,Coffee Table,7,0.5,3729.18,-128.81
ORD-00299,2023-04-30,2023-05-01,Same Day,CUST-0253,Consumer,Central,Madhya Pradesh,Indore,Technology,Machines,Label Maker,10,0.2,6687.29,391.6
ORD-00201,2025-01-05,2025-01-12,First Class,CUST-0395,Home Office,South,Karnataka,Mysore,Furniture,Tables,Computer Desk,3,0.0,759.53,31.63
ORD-01906,2023-01-01,2023-01-03,First Class,CUST-0139,Consumer,South,Kerala,Kochi,Office Supplies,Storage,File Cabinet,2,0.3,20.08,4.8
ORD-01510,2024-04-07,2024-04-14,First Class,CUST-0264,Corporate,East,West Bengal,Howrah,Office Supplies,Storage,File Cabinet,8,0.2,259.81,55.16
ORD-01123,2023-07-09,2023-07-12,First Class,CUST-0058,Corporate,West,Goa,Panaji,Office Supplies,Art,Marker Set,6,0.4,299.43,56.75
ORD-01742,2023-07-31,2023-08-01,Standard Class,CUST-0053,Corporate,East,Bihar,Patna,Office Supplies,Art,Marker Set,9,0.3,411.0,4.85
ORD-01335,2025-02-20,2025-02-25,First Class,CUST-0002,Consumer,East,Bihar,Patna,Technology,Accessories,Power Bank,8,0.15,7515.29,1810.57
ORD-00505,2025-11-17,2025-11-23,Same Day,CUST-0182,Corporate,South,Karnataka,Bangalore,Office Supplies,Labels,Shipping Labels,1,0.1,94.75,14.73
ORD-00780,2025-03-21,2025-03-27,Standard Class,CUST-0022,Consumer,South,Tamil Nadu,Chennai,Office Supplies,Paper,A4 Copy Paper,5,0.0,65.97,19.98
ORD-00621,2024-05-09,2024-05-15,Same Day,CUST-0359,Consumer,East,West Bengal,Howrah,Office Supplies,Labels,Address Labels,1,0.3,126.04,26.75
ORD-01601,2024-11-28,2024-11-30,Same Day,CUST-0081,Consumer,South,Tamil Nadu,Chennai,Furniture,Furnishings,Cushion,2,0.15,1476.45,-110.13
ORD-01140,2024-05-25,2024-05-28,First Class,CUST-0275,Home Office,South,Tamil Nadu,Coimbatore,Office Supplies,Storage,Storage Box,7,0.4,828.7,55.52
ORD-01021,2024-12-14,2024-12-16,Second Class,CUST-0280,Corporate,North,Punjab,Amritsar,Furniture,Bookcases,Wooden Bookcase,2,0.1,1018.62,180.93
ORD-00117,2023-09-30,2023-10-06,Second Class,CUST-0127,Corporate,East,West Bengal,Kolkata,Technology,Copiers,Desktop Copier,4,0.4,4136.93,135.58
ORD-01672,2024-11-06,2024-11-10,Same Day,CUST-0239,Corporate,Central,Madhya Pradesh,Indore,Office Supplies,Labels,Shipping Labels,4,0.1,400.39,65.21
ORD-01780,2025-12-18,2025-12-25,Standard Class,CUST-0077,Consumer,Central,Madhya Pradesh,Indore,Office Supplies,Paper,Sticky Notes,6,0.1,720.6,107.02
ORD-00005,2024-10-08,2024-10-12,Same Day,CUST-0299,Corporate,East,West Bengal,Kolkata,Technology,Machines,Laminator,8,0.15,4413.47,377.75
ORD-00652,2023-04-02,2023-04-05,Standard Class,CUST-0094,Home Office,Central,Madhya Pradesh,Indore,Furniture,Chairs,Folding Chair,5,0.0,2698.29,247.02
ORD-00047,2024-09-28,2024-10-03,Same Day,CUST-0125,Corporate,North,Uttar Pradesh,Lucknow,Furniture,Chairs,Ergonomic Chair,2,0.15,1167.24,55.11
ORD-00329,2023-11-01,2023-11-07,Standard Class,CUST-0277,Consumer,North,Delhi,New Delhi,Office Supplies,Paper,Notebook,6,0.4,466.34,42.52
ORD-00279,2025-10-30,2025-10-31,Second Class,CUST-0391,Consumer,South,Andhra Pradesh,Visakhapatnam,Office Supplies,Paper,A4 Copy Paper,6,0.3,479.71,52.56
ORD-00456,2025-05-05,2025-05-07,Same Day,CUST-0391,Home Office,West,Goa,Panaji,Office Supplies,Paper,Notebook,3,0.2,315.79,42.87
ORD-00448,2024-11-24,2024-11-26,Second Class,CUST-0098,Consumer,East,Jharkhand,Ranchi,Office Supplies,Storage,Plastic Drawer,3,0.3,400.44,3.85
ORD-01436,2024-10-30,2024-11-03,First Class,CUST-0130,Corporate,North,Haryana,Faridabad,Office Supplies,Labels,Shipping Labels,7,0.3,870.82,120.07
ORD-01489,2024-11-27,2024-11-30,First Class,CUST-0234,Consumer,South,Andhra Pradesh,Vijayawada,Office Supplies,Storage,Plastic Drawer,10,0.3,925.56,154.3
ORD-01611,2023-02-06,2023-02-10,Second Class,CUST-0211,Corporate,Central,Madhya Pradesh,Bhopal,Technology,Accessories,USB Cable,7,0.2,4267.09,1070.09
ORD-00745,2024-08-06,2024-08-13,Same Day,CUST-0095,Consumer,Central,Chhattisgarh,Raipur,Furniture,Furnishings,Wall Clock,2,0.0,1069.79,71.93
ORD-01078,2024-08-30,2024-09-01,Same Day,CUST-0366,Home Office,South,Andhra Pradesh,Vijayawada,Technology,Accessories,USB Cable,4,0.3,948.51,-37.46
ORD-00573,2025-01-14,2025-01-18,Second Class,CUST-0009,Corporate,West,Gujarat,Surat,Furniture,Chairs,Folding Chair,7,0.0,1502.49,-19.8
ORD-00475,2023-11-09,2023-11-14,Standard Class,CUST-0007,Home Office,South,Kerala,Trivandrum,Office Supplies,Storage,File Cabinet,5,0.0,464.37,50.48
ORD-00195,2025-05-07,2025-05-11,Second Class,CUST-0151,Consumer,West,Maharashtra,Nagpur,Technology,Accessories,Keyboard,4,0.2,2245.08,440.61
ORD-01797,2024-02-04,2024-02-05,Second Class,CUST-0352,Corporate,North,Uttar Pradesh,Noida,Office Supplies,Paper,Notebook,7,0.3,945.55,81.37
ORD-00790,2023-07-01,2023-07-06,First Class,CUST-0393,Corporate,East,Jharkhand,Ranchi,Technology,Accessories,Keyboard,6,0.2,2362.13,20.89
ORD-01521,2025-08-06,2025-08-07,Same Day,CUST-0009,Corporate,South,Kerala,Kochi,Office Supplies,Storage,Storage Box,1,0.0,149.4,14.08
ORD-01908,2025-06-18,2025-06-24,Standard Class,CUST-0330,Home Office,Central,Madhya Pradesh,Indore,Technology,Copiers,Desktop Copier,10,0.15,8579.56,1679.67
ORD-00376,2024-02-26,2024-02-29,Standard Class,CUST-0153,Home Office,West,Rajasthan,Jaipur,Technology,Machines,Label Maker,7,0.0,8191.56,122.4
ORD-00738,2025-03-07,2025-03-14,Same Day,CUST-0338,Home Office,West,Maharashtra,Nagpur,Technology,Phones,Cordless Phone,4,0.1,3842.07,-370.95
ORD-01794,2023-06-04,2023-06-10,First Class,CUST-0257,Consumer,Central,Chhattisgarh,Raipur,Office Supplies,Binders,View Binder,4,0.2,326.25,42.8
ORD-00393,2023-09-28,2023-10-03,Same Day,CUST-0144,Home Office,North,Punjab,Amritsar,Furniture,Furnishings,Cushion,8,0.0,1505.39,22.73
ORD-00870,2023-12-09,2023-12-15,Same Day,CUST-0285,Home Office,North,Uttar Pradesh,Lucknow,Office Supplies,Storage,Storage Box,2,0.0,76.51,11.84
ORD-00432,2025-03-20,2025-03-26,First Class,CUST-0126,Home Office,North,Punjab,Amritsar,Office Supplies,Paper,Notebook,9,0.2,432.76,131.51
ORD-00326,2024-05-30,2024-06-01,Same Day,CUST-0339,Consumer,North,Delhi,New Delhi,Furniture,Tables,Round Meeting Table,2,0.0,301.67,52.49
ORD-00411,2023-04-07,2023-04-08,First Class,CUST-0182,Consumer,East,Bihar,Patna,Technology,Accessories,Wireless Mouse,9,0.1,4759.71,-80.3
ORD-00869,2025-04-17,2025-04-18,Same Day,CUST-0353,Corporate,East,Jharkhand,Ranchi,Furniture,Bookcases,Wooden Bookcase,10,0.5,1507.89,55.2
ORD-00110,2025-07-19,2025-07-25,First Class,CUST-0291,Home Office,Central,Chhattisgarh,Raipur,Technology,Copiers,All-in-One Printer,4,0.15,3402.81,16.49
ORD-00801,2025-01-20,2025-01-27,First Class,CUST-0244,Corporate,West,Maharashtra,Nagpur,Technology,Machines,Calculator,9,0.5,2836.14,-468.25
ORD-01587,2025-06-04,2025-06-08,Second Class,CUST-0361,Consumer,Central,Chhattisgarh,Raipur,Furniture,Tables,Conference Table,2,0.0,1097.19,95.92
ORD-00861,2024-11-30,2024-12-02,Second Class,CUST-0200,Corporate,West,Gujarat,Ahmedabad,Technology,Phones,Cordless Phone,6,0.15,3705.57,459.57
ORD-00471,2023-03-19,2023-03-21,First Class,CUST-0125,Consumer,Central,Chhattisgarh,Raipur,Furniture,Bookcases,Metal Bookcase,1,0.15,484.3,52.13
ORD-01702,2025-08-21,2025-08-27,Same Day,CUST-0093,Consumer,East,Bihar,Patna,Office Supplies,Art,Marker Set,5,0.0,204.73,43.87
ORD-01540,2023-07-25,2023-07-29,Standard Class,CUST-0186,Corporate,East,Odisha,Bhubaneswar,Technology,Machines,Calculator,10,0.3,5000.71,-726.7
ORD-01809,2024-01-24,2024-01-25,Standard Class,CUST-0008,Corporate,East,Odisha,Bhubaneswar,Furniture,Chairs,Executive Leather Chair,8,0.15,5882.38,691.7
ORD-00096,2025-12-28,2025-12-29,Standard Class,CUST-0255,Home Office,Central,Madhya Pradesh,Bhopal,Furniture,Bookcases,Glass Bookcase,1,0.15,722.64,59.82
ORD-00594,2023-11-07,2023-11-10,First Class,CUST-0067,Home Office,Central,Chhattisgarh,Raipur,Technology,Accessories,Keyboard,5,0.4,4466.99,373.39
ORD-00862,2024-01-21,2024-01-28,Standard Class,CUST-0148,Consumer,South,Andhra Pradesh,Visakhapatnam,Office Supplies,Art,Marker Set,5,0.0,361.1,74.85
ORD-00020,2025-04-12,2025-04-17,Standard Class,CUST-0241,Consumer,South,Karnataka,Bangalore,Furniture,Furnishings,Table Lamp,3,0.1,1990.39,-6.57
ORD-01556,2023-07-19,2023-07-26,Standard Class,CUST-0354,Home Office,Central,Chhattisgarh,Raipur,Furniture,Furnishings,Photo Frame,4,0.0,1996.77,3.03
ORD-01039,2025-03-17,2025-03-20,Second Class,CUST-0291,Corporate,East,West Bengal,Howrah,Technology,Machines,Label Maker,5,0.1,2649.11,-118.08
ORD-01868,2025-02-28,2025-03-05,Second Class,CUST-0213,Consumer,North,Delhi,New Delhi,Office Supplies,Binders,View Binder,3,0.3,265.89,17.72
ORD-01898,2025-10-10,2025-10-16,Standard Class,CUST-0354,Corporate,West,Maharashtra,Pune,Office Supplies,Paper,A4 Copy Paper,3,0.1,103.87,18.79
ORD-01267,2023-07-15,2023-07-18,Second Class,CUST-0007,Home Office,West,Rajasthan,Udaipur,Technology,Copiers,All-in-One Printer,4,0.4,1788.61,-118.01
ORD-00354,2023-04-23,2023-04-28,Standard Class,CUST-0342,Corporate,South,Karnataka,Mysore,Furniture,Chairs,Executive Leather Chair,9,,5940.61,-305.31
ORD-01833,2023-06-28,2023-07-01,Same Day,CUST-0106,Consumer,North,Uttar Pradesh,Lucknow,Furniture,Bookcases,Wooden Bookcase,6,0.3,899.56,-17.77
ORD-00373,2025-10-01,2025-10-07,Standard Class,CUST-0066,Corporate,Central,Chhattisgarh,Raipur,Technology,Accessories,USB Cable,7,0.2,3187.8,-367.97
ORD-01776,2023-01-22,2023-01-25,Second Class,CUST-0341,Corporate,Central,Chhattisgarh,Raipur,Technology,Phones,Phone Case,8,0.15,1737.26,311.7
ORD-00223,2025-07-01,2025-07-05,Second Class,CUST-0351,Corporate,North,Haryana,Gurgaon,Office Supplies,Labels,Address Labels,2,0.0,287.32,32.53
ORD-01296,2024-10-07,2024-10-14,Same Day,CUST-0052,Consumer,East,West Bengal,Howrah,Technology,Accessories,Wireless Mouse,7,0.0,2092.65,6.08
ORD-01211,2025-10-29,2025-11-05,Standard Class,CUST-0178,Home Office,Central,Chhattisgarh,Raipur,Technology,Accessories,Wireless Mouse,4,0.0,1332.93,299.56
ORD-01048,2025-04-30,2025-05-07,Standard Class,CUST-0016,Home Office,North,Haryana,Faridabad,Office Supplies,Paper,Notebook,1,0.4,57.05,14.74
ORD-00699,2023-07-08,2023-07-13,First Class,CUST-0038,Consumer,North,Punjab,Ludhiana,Technology,Copiers,Desktop Copier,2,0.4,648.37,-77.23
ORD-00112,2024-11-06,2024-11-09,First Class,CUST-0354,Consumer,Central,Madhya Pradesh,Indore,Technology,Machines,Calculator,4,0.3,1466.29,286.1
ORD-01863,2025-04-12,2025-04-14,First Class,CUST-0197,Home Office,West,Rajasthan,Jaipur,Technology,Copiers,All-in-One Printer,5,0.5,1733.0,299.65
ORD-01698,2025-10-27,2025-10-31,Second Class,CUST-0163,Consumer,South,Kerala,Kochi,Technology,Machines,Label Maker,5,0.5,3229.08,-162.89
ORD-01043,2023-04-28,2023-05-01,First Class,CUST-0369,Corporate,Central,Madhya Pradesh,Bhopal,Furniture,Bookcases,Wooden Bookcase,1,0.2,698.71,85.3
ORD-01125,2024-02-16,2024-02-18,Second Class,CUST-0162,Home Office,Central,Madhya Pradesh,Indore,Furniture,Furnishings,Wall Clock,9,0.4,1077.28,-87.18
ORD-00314,2025-07-04,2025-07-06,First Class,CUST-0282,Consumer,South,Kerala,Trivandrum,Technology,Machines,Label Maker,6,0.5,3841.39,-316.25
ORD-00288,2025-12-27,2026-01-02,Standard Class,CUST-0391,Home Office,North,Punjab,Amritsar,Furniture,Chairs,Folding Chair,7,0.15,5803.79,-243.82
ORD-00796,2023-03-27,2023-04-02,First Class,CUST-0351,Corporate,West,Maharashtra,Pune,Office Supplies,Storage,Storage Box,5,0.5,551.95,42.4
ORD-01085,2025-02-03,2025-02-04,Second Class,CUST-0136,Consumer,West,Goa,Panaji,Technology,Copiers,Desktop Copier,8,0.15,3203.32,650.15
ORD-00508,2025-12-30,2026-01-05,Same Day,CUST-0088,Corporate,East,Odisha,Bhubaneswar,Technology,Copiers,Desktop Copier,9,0.0,4248.98,293.56
ORD-01196,2025-03-18,2025-03-24,Same Day,CUST-0350,Consumer,Central,Chhattisgarh,Raipur,Office Supplies,Paper,Notebook,9,0.3,1224.97,-8.47
ORD-00431,2023-12-09,2023-12-10,Standard Class,CUST-0154,Consumer,North,Uttar Pradesh,Noida,Technology,Machines,Calculator,7,0.5,1753.27,23.91
ORD-00743,2024-06-12,2024-06-16,Same Day,CUST-0022,Home Office,Central,Chhattisgarh,Raipur,Technology,Machines,Label Maker,1,0.1,358.71,43.06
ORD-01287,2025-09-08,2025-09-10,Same Day,CUST-0193,Home Office,South,Karnataka,Mysore,Office Supplies,Storage,Storage Box,3,0.0,415.88,137.42
ORD-01774,2025-08-20,2025-08-21,Second Class,CUST-0180,Home Office,Central,Chhattisgarh,Raipur,Furniture,Chairs,Mesh Office Chair,2,0.4,163.46,17.16
ORD-01637,2024-02-16,2024-02-23,Second Class,CUST-0061,Home Office,North,Uttar Pradesh,Kanpur,Office Supplies,Art,Marker Set,7,0.4,355.78,77.36
ORD-00682,2024-06-16,2024-06-19,First Class,CUST-0158,Home Office,East,Jharkhand,Ranchi,Office Supplies,Storage,Plastic Drawer,5,0.15,551.0,156.51
ORD-01390,2024-05-18,2024-05-19,Standard Class,CUST-0277,Corporate,North,Uttar Pradesh,Noida,Technology,Copiers,Desktop Copier,7,0.2,3564.48,476.15
ORD-00018,2024-02-21,2024-02-27,Standard Class,CUST-0058,Consumer,East,Jharkhand,Ranchi,Furniture,Chairs,Ergonomic Chair,5,0.15,554.62,-21.97
ORD-00604,2025-06-13,2025-06-14,Standard Class,CUST-0040,Consumer,South,Karnataka,Bangalore,Technology,Phones,Smartphone X200,7,0.0,6735.11,1265.73
ORD-01816,2023-11-13,2023-11-14,Second Class,CUST-0102,Consumer,South,Karnataka,Bangalore,Technology,Accessories,Power Bank,9,0.4,2778.55,378.38
ORD-00579,2023-01-03,2023-01-07,Same Day,CUST-0377,Corporate,South,Andhra Pradesh,Vijayawada,Furniture,Chairs,Folding Chair,4,0.0,2042.88,-51.08
ORD-00493,2025-03-11,2025-03-12,Second Class,CUST-0296,Consumer,Central,Chhattisgarh,Raipur,Technology,Accessories,Power Bank,2,0.0,1434.88,119.11
ORD-01378,2025-07-15,2025-07-22,Standard Class,CUST-0072,Corporate,East,Bihar,Patna,Furniture,Chairs,Ergonomic Chair,6,0.3,1081.08,60.51
ORD-01810,2023-06-17,2023-06-20,Standard Class,CUST-0063,Home Office,East,Bihar,Patna,Technology,Copiers,All-in-One Printer,6,0.1,6526.02,1436.26
ORD-00846,2025-05-03,2025-05-04,Second Class,CUST-0280,Home Office,Central,Chhattisgarh,Raipur,Office Supplies,Labels,Address Labels,9,0.1,407.65,59.81
ORD-01753,2025-04-10,2025-04-16,Second Class,CUST-0374,Home Office,West,Maharashtra,Nagpur,Furniture,Chairs,Mesh Office Chair,7,0.4,4964.43,-526.41
ORD-01129,2023-02-04,2023-02-09,First Class,CUST-0318,Home Office,South,Kerala,Kochi,Furniture,Chairs,Ergonomic Chair,9,0.3,2606.2,-106.24
ORD-00055,2025-10-14,2025-10-21,Second Class,CUST-0047,Corporate,East,Odisha,Bhubaneswar,Furniture,Tables,Conference Table,3,0.15,1705.14,199.76
ORD-00264,2024-11-07,2024-11-08,Second Class,CUST-0198,Corporate,South,Tamil Nadu,Coimbatore,Office Supplies,Binders,View Binder,8,0.3,981.9,26.11
ORD-00102,2025-07-24,2025-07-26,First Class,CUST-0244,Consumer,Central,Madhya Pradesh,Indore,Technology,Machines,Laminator,7,0.2,2593.31,145.07
ORD-00276,2024-03-30,2024-04-01,Same Day,CUST-0292,Consumer,East,West Bengal,Howrah,Technology,Accessories,USB Cable,1,,344.09,-28.64
ORD-01867,2025-12-02,2025-12-05,First Class,CUST-0236,Home Office,West,Gujarat,Ahmedabad,Office Supplies,Storage,File Cabinet,10,0.4,1064.91,176.26
ORD-01303,2025-04-29,2025-05-06,Standard Class,CUST-0395,Home Office,Central,Madhya Pradesh,Indore,Technology,Phones,Cordless Phone,2,0.0,847.72,17.81
ORD-00250,2023-09-03,2023-09-04,First Class,CUST-0204,Consumer,West,Maharashtra,Nagpur,Furniture,Furnishings,Cushion,10,0.15,3234.03,138.1
ORD-00834,2023-04-27,2023-05-01,Same Day,CUST-0121,Corporate,West,Goa,Panaji,Office Supplies,Art,Marker Set,6,0.4,116.91,10.39
ORD-01930,2023-09-07,2023-09-09,First Class,CUST-0217,Home Office,East,Bihar,Patna,Technology,Copiers,All-in-One Printer,3,0.0,3516.41,-25.29
ORD-01806,2024-03-12,2024-03-19,Second Class,CUST-0284,Consumer,East,Odisha,Bhubaneswar,Technology,Copiers,Desktop Copier,6,0.2,1113.9,244.63
ORD-01361,2023-05-01,2023-05-02,First Class,CUST-0238,Home Office,East,Jharkhand,Ranchi,Technology,Phones,Cordless Phone,2,0.15,1644.97,441.75
ORD-00345,2025-08-08,2025-08-14,First Class,CUST-0377,Consumer,North,Delhi,New Delhi,Technology,Machines,Calculator,1,0.5,724.85,53.54
ORD-00641,2025-05-06,2025-05-10,First Class,CUST-0266,Home Office,North,Haryana,Gurgaon,Office Supplies,Storage,Plastic Drawer,5,0.0,470.95,97.48
ORD-00378,2025-06-05,2025-06-11,Same Day,CUST-0110,Home Office,Central,Chhattisgarh,Raipur,Office Supplies,Art,Sketch Pad,10,0.0,1023.76,209.73
ORD-01406,2024-03-20,2024-03-24,Standard Class,CUST-0250,Corporate,East,Jharkhand,Ranchi,Office Supplies,Labels,Address Labels,4,0.3,355.55,30.34
ORD-00424,2023-09-29,2023-10-06,Same Day,CUST-0377,Corporate,South,Andhra Pradesh,Visakhapatnam,Technology,Copiers,Desktop Copier,6,0.3,4188.52,236.22
ORD-00061,2024-02-29,2024-03-05,Second Class,CUST-0302,Corporate,South,Karnataka,Mysore,Furniture,Chairs,Folding Chair,3,0.0,2669.32,307.68
ORD-01921,2025-01-04,2025-01-05,Standard Class,CUST-0381,Corporate,Central,Chhattisgarh,Raipur,Technology,Machines,Label Maker,3,0.0,1298.2,-31.71
ORD-00757,2025-12-26,2025-12-31,Same Day,CUST-0195,Corporate,West,Gujarat,Surat,Technology,Machines,Calculator,4,0.4,769.62,132.45
ORD-00985,2025-10-27,2025-11-03,Second Class,CUST-0296,Home Office,East,Jharkhand,Ranchi,Furniture,Chairs,Executive Leather Chair,8,0.4,3962.28,467.19
ORD-00211,2023-01-01,2023-01-08,First Class,CUST-0367,Corporate,North,Haryana,Gurgaon,Technology,Copiers,All-in-One Printer,6,0.2,5758.24,283.61
ORD-00282,2023-10-30,2023-11-06,Same Day,CUST-0319,Home Office,East,West Bengal,Howrah,Technology,Phones,Cordless Phone,8,0.1,6991.88,-115.62
ORD-01666,2024-12-31,2025-01-05,Second Class,CUST-0140,Corporate,Central,Chhattisgarh,Raipur,Furniture,Bookcases,Glass Bookcase,3,0.5,583.59,-0.71
ORD-00650,2023-08-01,2023-08-02,Second Class,CUST-0336,Home Office,East,West Bengal,Kolkata,Technology,Accessories,Wireless Mouse,2,0.0,228.91,2.52
ORD-01121,2025-08-25,2025-08-27,Second Class,CUST-0093,Home Office,South,Andhra Pradesh,Visakhapatnam,Furniture,Furnishings,Cushion,9,0.5,4642.64,-323.84
ORD-01625,2023-08-16,2023-08-23,Same Day,CUST-0001,Home Office,Central,Madhya Pradesh,Indore,Furniture,Bookcases,Wooden Bookcase,4,0.0,833.56,22.86
ORD-01237,2025-08-22,2025-08-28,Same Day,CUST-0261,Home Office,North,Punjab,Ludhiana,Technology,Accessories,Power Bank,7,0.15,4751.91,847.93
ORD-00984,2023-08-31,2023-09-02,Standard Class,CUST-0048,Corporate,South,Kerala,Kochi,Office Supplies,Art,Sketch Pad,8,0.0,195.83,15.88
ORD-01193,2025-08-03,2025-08-05,First Class,CUST-0034,Corporate,South,Andhra Pradesh,Vijayawada,Furniture,Bookcases,Metal Bookcase,7,0.15,4692.0,120.64
ORD-00900,2024-05-23,2024-05-25,Second Class,CUST-0151,Consumer,East,West Bengal,Howrah,Furniture,Bookcases,Glass Bookcase,10,0.1,7077.94,-303.72
ORD-00325,2024-05-10,2024-05-16,Second Class,CUST-0372,Corporate,Central,Madhya Pradesh,Indore,Technology,Accessories,Keyboard,9,0.3,1049.51,19.29
ORD-01107,2024-05-21,2024-05-28,First Class,CUST-0180,Home Office,North,Punjab,Amritsar,Technology,Copiers,All-in-One Printer,2,0.3,322.63,-19.75
ORD-01699,2025-06-22,2025-06-28,First Class,CUST-0306,Consumer,Central,Madhya Pradesh,Bhopal,Furniture,Chairs,Executive Leather Chair,9,0.5,2945.21,-257.5
ORD-00029,2023-02-10,2023-02-17,First Class,CUST-0224,Corporate,Central,Chhattisgarh,Raipur,Furniture,Bookcases,Metal Bookcase,7,0.5,4639.97,231.85
ORD-00833,2024-04-02,2024-04-09,Standard Class,CUST-0397,Corporate,South,Karnataka,Mysore,Furniture,Chairs,Folding Chair,7,0.0,4822.09,51.23
ORD-01029,2023-09-16,2023-09-17,Second Class,CUST-0035,Corporate,West,Maharashtra,Mumbai,Office Supplies,Paper,A4 Copy Paper,9,0.0,291.7,84.18
ORD-01485,2024-01-28,2024-02-02,First Class,CUST-0346,Home Office,North,Punjab,Amritsar,Furniture,Bookcases,Glass Bookcase,3,0.5,818.87,29.62
ORD-01003,2024-04-29,2024-05-01,First Class,CUST-0072,Consumer,North,Delhi,New Delhi,Office Supplies,Storage,File Cabinet,9,0.0,1129.5,83.13
ORD-01790,2025-04-28,2025-05-05,Same Day,CUST-0025,Home Office,South,Tamil Nadu,Madurai,Furniture,Chairs,Ergonomic Chair,10,0.2,8434.11,274.92
ORD-00225,2025-03-05,2025-03-09,Standard Class,CUST-0149,Home Office,West,Goa,Panaji,Furniture,Furnishings,Table Lamp,9,0.0,763.53,95.61
ORD-01843,2024-03-17,2024-03-18,Standard Class,CUST-0067,Home Office,South,Karnataka,Bangalore,Office Supplies,Storage,File Cabinet,1,0.0,124.6,19.75
ORD-01183,2024-06-13,2024-06-14,Standard Class,CUST-0242,Consumer,Central,Chhattisgarh,Raipur,Technology,Machines,Label Maker,1,0.2,1082.82,154.27
ORD-00839,2024-10-30,2024-11-01,First Class,CUST-0353,Corporate,South,Andhra Pradesh,Vijayawada,Technology,Accessories,USB Cable,2,0.4,386.9,-25.93
ORD-01410,2025-03-05,2025-03-09,Second Class,CUST-0003,Consumer,South,Tamil Nadu,Coimbatore,Technology,Copiers,All-in-One Printer,9,0.15,5761.57,368.46
ORD-00934,2024-03-30,2024-04-03,Standard Class,CUST-0270,Consumer,West,Goa,Panaji,Technology,Copiers,Desktop Copier,1,0.0,1182.51,330.96
ORD-00873,2023-08-11,2023-08-12,First Class,CUST-0232,Consumer,South,Karnataka,Bangalore,Furniture,Furnishings,Table Lamp,7,0.5,1594.55,45.33
ORD-01482,2025-11-20,2025-11-24,Standard Class,CUST-0164,Corporate,North,Haryana,Faridabad,Office Supplies,Binders,View Binder,10,0.5,423.26,-12.92
ORD-01103,2023-11-28,2023-12-02,Second Class,CUST-0257,Home Office,Central,Madhya Pradesh,Bhopal,Furniture,Furnishings,Photo Frame,9,0.3,5339.51,658.85
ORD-01966,2023-04-07,2023-04-11,First Class,CUST-0023,Corporate,Central,Chhattisgarh,Raipur,Technology,Machines,Calculator,8,0.0,3510.38,-214.88
ORD-00620,2023-09-05,2023-09-09,Same Day,CUST-0357,Home Office,East,Jharkhand,Ranchi,Furniture,Chairs,Ergonomic Chair,1,0.5,548.96,43.73
ORD-01467,2024-07-23,2024-07-28,Standard Class,CUST-0339,Home Office,South,Andhra Pradesh,Vijayawada,Office Supplies,Paper,Notebook,2,0.0,177.23,46.45
ORD-01095,2023-12-19,2023-12-26,Second Class,CUST-0336,Home Office,Central,Chhattisgarh,Raipur,Furniture,Furnishings,Photo Frame,2,0.5,603.3,-39.27
ORD-00152,2023-11-20,2023-11-24,Second Class,CUST-0027,Corporate,West,Maharashtra,Pune,Furniture,Tables,Conference Table,3,0.2,2247.62,-61.59
ORD-00216,2023-12-31,2024-01-05,Standard Class,CUST-0013,Corporate,Central,Chhattisgarh,Raipur,Office Supplies,Labels,Shipping Labels,10,0.5,864.77,176.58
ORD-00099,2024-10-02,2024-10-04,Same Day,CUST-0306,Home Office,South,Andhra Pradesh,Visakhapatnam,Office Supplies,Storage,File Cabinet,1,0.1,60.16,8.17
ORD-00769,2025-07-15,2025-07-17,Second Class,CUST-0304,Consumer,South,Andhra Pradesh,Visakhapatnam,Furniture,Tables,Conference Table,7,0.0,6241.23,365.71
ORD-01500,2025-10-12,2025-10-19,Standard Class,CUST-0386,Consumer,East,Bihar,Patna,Technology,Accessories,Keyboard,9,0.1,3991.9,-73.85
ORD-01765,2025-12-27,2025-12-30,Same Day,CUST-0393,Home Office,West,Gujarat,Ahmedabad,Office Supplies,Paper,A4 Copy Paper,8,0.1,248.36,24.82
ORD-00811,2025-03-16,2025-03-17,Standard Class,CUST-0244,Corporate,North,Punjab,Amritsar,Office Supplies,Art,Color Pencils,10,0.15,755.52,112.05
ORD-01481,2024-08-17,2024-08-20,Standard Class,CUST-0061,Home Office,South,Kerala,Trivandrum,Furniture,Chairs,Mesh Office Chair,5,0.15,1339.93,39.94
ORD-00013,2023-01-31,2023-02-01,Same Day,CUST-0357,Home Office,South,Karnataka,Mysore,Office Supplies,Art,Marker Set,7,0.3,183.92,41.42
ORD-01595,2023-08-21,2023-08-28,Second Class,CUST-0313,Consumer,West,Gujarat,Ahmedabad,Office Supplies,Storage,Storage Box,5,0.0,653.06,156.89
ORD-01398,2025-01-30,2025-01-31,Same Day,CUST-0071,Corporate,South,Karnataka,Bangalore,Office Supplies,Art,Sketch Pad,9,0.0,944.89,145.01
ORD-00168,2025-01-03,2025-01-10,Second Class,CUST-0183,Corporate,South,Andhra Pradesh,Visakhapatnam,Office Supplies,Storage,Storage Box,2,0.0,208.96,64.14
ORD-00644,2024-09-18,2024-09-21,Same Day,CUST-0170,Home Office,Central,Chhattisgarh,Raipur,Technology,Accessories,USB Cable,10,0.15,3552.44,280.38
ORD-01099,2023-09-01,2023-09-06,Standard Class,CUST-0024,Corporate,West,Gujarat,Ahmedabad,Office Supplies,Paper,A4 Copy Paper,10,0.0,1398.73,146.74
ORD-00189,2024-07-05,2024-07-11,Same Day,CUST-0070,Home Office,West,Maharashtra,Mumbai,Office Supplies,Paper,Sticky Notes,8,0.5,889.05,-26.95
ORD-01089,2024-05-30,2024-06-05,Second Class,CUST-0084,Consumer,East,Odisha,Bhubaneswar,Technology,Phones,Cordless Phone,2,0.3,1121.24,70.66
ORD-00044,2024-07-05,2024-07-10,Standard Class,CUST-0083,Corporate,North,Punjab,Amritsar,Technology,Copiers,All-in-One Printer,3,0.0,2959.15,84.11
ORD-01990,2023-04-10,2023-04-11,First Class,CUST-0327,Consumer,North,Punjab,Amritsar,Furniture,Chairs,Folding Chair,3,0.4,2022.45,-182.6
ORD-00010,2025-02-03,2025-02-07,Standard Class,CUST-0170,Consumer,Central,Chhattisgarh,Raipur,Furniture,Tables,Round Meeting Table,6,0.0,583.49,-18.82
ORD-01349,2025-03-17,2025-03-21,Same Day,CUST-0253,Home Office,East,Odisha,Bhubaneswar,Furniture,Furnishings,Wall Clock,10,0.15,5082.36,-149.23
ORD-00148,2024-04-30,2024-05-02,First Class,CUST-0264,Home Office,Central,Chhattisgarh,Raipur,Furniture,Tables,Computer Desk,4,0.5,2517.57,-271.66
ORD-01593,2023-04-13,2023-04-18,Second Class,CUST-0065,Corporate,East,West Bengal,Kolkata,Office Supplies,Storage,File Cabinet,4,0.3,85.47,19.12
ORD-00014,2025-09-23,2025-09-25,Second Class,CUST-0036,Home Office,South,Kerala,Kochi,Furniture,Chairs,Folding Chair,1,0.5,102.95,-11.39
ORD-00390,2025-12-12,2025-12-16,Second Class,CUST-0215,Consumer,West,Goa,Panaji,Furniture,Tables,Computer Desk,5,0.1,1533.22,122.69
ORD-01286,2024-05-12,2024-05-18,Second Class,CUST-0074,Home Office,West,Goa,Panaji,Technology,Machines,Laminator,1,0.0,263.45,-0.85
ORD-01671,2023-03-05,2023-03-12,Second Class,CUST-0345,Corporate,East,Odisha,Bhubaneswar,Technology,Accessories,Keyboard,10,0.3,6796.48,137.12
ORD-00675,2025-04-01,2025-04-06,Same Day,CUST-0254,Corporate,West,Rajasthan,Jaipur,Office Supplies,Labels,Shipping Labels,6,,543.64,92.28
ORD-00979,2025-09-05,2025-09-08,Same Day,CUST-0161,Consumer,South,Andhra Pradesh,Vijayawada,Office Supplies,Binders,3-Ring Binder,8,0.5,707.21,82.44
ORD-01207,2025-05-29,2025-05-30,First Class,CUST-0012,Corporate,South,Andhra Pradesh,Visakhapatnam,Office Supplies,Art,Color Pencils,6,0.15,405.54,33.1
ORD-01523,2023-02-17,2023-02-20,Same Day,CUST-0272,Home Office,North,Haryana,Faridabad,Office Supplies,Storage,Storage Box,1,0.2,57.71,2.91
ORD-00976,2025-09-18,2025-09-24,Same Day,CUST-0139,Corporate,North,Punjab,Amritsar,Technology,Phones,Phone Case,9,0.4,8286.25,-591.64
ORD-01270,2025-06-14,2025-06-20,Standard Class,CUST-0391,Corporate,Central,Madhya Pradesh,Bhopal,Technology,Accessories,Keyboard,7,0.4,1653.06,35.14
ORD-00595,2024-10-25,2024-10-30,Second Class,CUST-0054,Consumer,Central,Chhattisgarh,Raipur,Furniture,Chairs,Executive Leather Chair,3,0.4,712.79,-34.99
ORD-01332,2023-10-13,2023-10-16,Same Day,CUST-0217,Home Office,West,Gujarat,Surat,Furniture,Chairs,Mesh Office Chair,3,0.5,483.44,-67.73
ORD-00718,2023-05-25,2023-05-27,Same Day,CUST-0119,Home Office,East,Odisha,Bhubaneswar,Furniture,Tables,Computer Desk,8,0.0,1574.2,126.18
ORD-01391,2023-11-15,2023-11-16,Second Class,CUST-0233,Corporate,South,Andhra Pradesh,Visakhapatnam,Technology,Machines,Label Maker,4,0.0,1515.91,-127.31
ORD-01386,2023-05-07,2023-05-08,First Class,CUST-0308,Corporate,North,Delhi,New Delhi,Technology,Machines,Label Maker,2,0.15,843.43,140.0
ORD-01801,2023-05-09,2023-05-13,First Class,CUST-0191,Corporate,South,Tamil Nadu,Coimbatore,Furniture,Bookcases,Wooden Bookcase,1,0.2,557.67,-22.42
ORD-01581,2025-04-29,2025-05-01,Same Day,CUST-0089,Home Office,Central,Madhya Pradesh,Indore,Technology,Copiers,Desktop Copier,9,0.15,7345.44,712.17
ORD-01760,2023-11-13,2023-11-19,First Class,CUST-0227,Consumer,West,Goa,Panaji,Technology,Copiers,All-in-One Printer,3,0.15,2951.77,18.08
ORD-00464,2024-05-28,2024-05-29,Standard Class,CUST-0311,Consumer,South,Kerala,Trivandrum,Office Supplies,Art,Marker Set,2,0.0,80.27,10.74
ORD-01119,2024-11-10,2024-11-12,Second Class,CUST-0050,Consumer,South,Kerala,Trivandrum,Furniture,Bookcases,Metal Bookcase,5,,2227.46,6.89
ORD-01228,2025-07-30,2025-08-01,Standard Class,CUST-0143,Corporate,West,Goa,Panaji,Technology,Machines,Label Maker,7,0.1,3634.61,-174.37
ORD-00541,2024-12-29,2024-12-31,Standard Class,CUST-0368,Consumer,North,Haryana,Faridabad,Technology,Phones,Phone Case,3,0.0,1795.49,153.05
ORD-00026,2024-05-14,2024-05-16,First Class,CUST-0387,Corporate,North,Delhi,New Delhi,Furniture,Tables,Coffee Table,1,0.0,537.07,80.75
ORD-00631,2025-09-28,2025-10-03,Same Day,CUST-0218,Corporate,West,Gujarat,Ahmedabad,Office Supplies,Storage,Plastic Drawer,4,0.2,445.6,46.92
ORD-01464,2023-07-21,2023-07-23,Same Day,CUST-0196,Consumer,Central,Chhattisgarh,Raipur,Furniture,Tables,Computer Desk,4,0.15,2458.78,213.43
ORD-01347,2025-08-24,2025-08-31,Same Day,CUST-0081,Corporate,South,Kerala,Trivandrum,Furniture,Bookcases,Glass Bookcase,3,0.2,2531.71,128.31
ORD-00849,2025-07-13,2025-07-16,Standard Class,CUST-0033,Consumer,North,Uttar Pradesh,Kanpur,Furniture,Furnishings,Cushion,2,0.1,721.94,47.88
ORD-00116,2023-04-03,2023-04-07,Same Day,CUST-0193,Consumer,East,West Bengal,Kolkata,Furniture,Furnishings,Table Lamp,5,0.3,1889.48,-30.96
ORD-00025,2024-08-04,2024-08-09,Same Day,CUST-0254,Corporate,Central,Chhattisgarh,Raipur,Furniture,Bookcases,Wooden Bookcase,4,0.0,803.32,51.3
ORD-00371,2024-10-31,2024-11-02,Standard Class,CUST-0221,Consumer,East,West Bengal,Kolkata,Technology,Copiers,All-in-One Printer,4,0.5,2143.75,39.98
ORD-00587,2025-12-14,2025-12-18,First Class,CUST-0125,Home Office,East,Bihar,Patna,Office Supplies,Art,Sketch Pad,7,0.0,503.2,88.7
ORD-00097,2024-08-16,2024-08-22,First Class,CUST-0376,Corporate,East,Jharkhand,Ranchi,Technology,Copiers,All-in-One Printer,8,0.4,3911.05,-479.23
ORD-00566,2025-05-13,2025-05-19,Second Class,CUST-0296,Consumer,West,Rajasthan,Udaipur,Furniture,Tables,Round Meeting Table,8,0.0,3911.15,247.17
ORD-00973,2023-05-20,2023-05-24,Second Class,CUST-0105,Home Office,North,Delhi,New Delhi,Office Supplies,Binders,3-Ring Binder,2,0.2,215.67,66.03
ORD-01454,2025-06-10,2025-06-17,Standard Class,CUST-0192,Consumer,West,Maharashtra,Mumbai,Office Supplies,Paper,Notebook,9,0.15,650.31,129.06
ORD-00100,2025-08-21,2025-08-24,Same Day,CUST-0392,Home Office,Central,Madhya Pradesh,Bhopal,Office Supplies,Paper,Sticky Notes,6,0.5,296.11,34.34
ORD-01514,2024-05-10,2024-05-17,First Class,CUST-0329,Corporate,North,Delhi,New Delhi,Furniture,Bookcases,Wooden Bookcase,8,0.15,6278.36,633.69
ORD-01501,2025-09-02,2025-09-06,First Class,CUST-0046,Consumer,West,Goa,Panaji,Office Supplies,Binders,Clip Binder,3,0.2,368.44,69.65
ORD-01928,2025-05-19,2025-05-25,Second Class,CUST-0330,Corporate,Central,Chhattisgarh,Raipur,Technology,Accessories,Wireless Mouse,2,0.0,1199.97,-110.11
ORD-00358,2024-09-06,2024-09-12,First Class,CUST-0298,Corporate,West,Maharashtra,Nagpur,Technology,Machines,Label Maker,3,0.0,994.39,286.63
ORD-01352,2024-12-26,2025-01-02,Second Class,CUST-0397,Consumer,South,Tamil Nadu,Chennai,Office Supplies,Labels,Address Labels,8,0.1,314.3,45.22
ORD-00818,2023-02-14,2023-02-18,First Class,CUST-0246,Consumer,Central,Chhattisgarh,Raipur,Office Supplies,Binders,Clip Binder,7,0.15,914.72,92.15
ORD-01624,2023-09-14,2023-09-20,Standard Class,CUST-0265,Consumer,East,Jharkhand,Ranchi,Office Supplies,Art,Sketch Pad,9,0.0,1059.07,77.89
ORD-01147,2023-03-13,2023-03-19,Second Class,CUST-0283,Home Office,East,Jharkhand,Ranchi,Furniture,Chairs,Folding Chair,5,0.15,641.54,-35.33
ORD-01748,2025-08-28,2025-09-04,First Class,CUST-0131,Corporate,West,Maharashtra,Mumbai,Technology,Copiers,Desktop Copier,8,0.2,6090.31,1123.79
ORD-01807,2024-11-09,2024-11-10,Same Day,CUST-0363,Consumer,South,Kerala,Trivandrum,Office Supplies,Paper,Notebook,9,0.15,1242.12,201.03
ORD-01588,2025-07-10,2025-07-17,Second Class,CUST-0310,Home Office,North,Haryana,Gurgaon,Office Supplies,Labels,Shipping Labels,9,0.2,1157.97,293.16
ORD-01717,2024-08-23,2024-08-24,First Class,CUST-0195,Home Office,North,Uttar Pradesh,Noida,Technology,Phones,Cordless Phone,10,0.4,3329.15,448.46
ORD-01227,2023-08-16,2023-08-18,Standard Class,CUST-0384,Consumer,South,Andhra Pradesh,Vijayawada,Furniture,Bookcases,Metal Bookcase,2,0.0,1742.6,82.38
ORD-00271,2025-12-07,2025-12-13,First Class,CUST-0026,Corporate,North,Delhi,New Delhi,Furniture,Chairs,Mesh Office Chair,2,0.3,869.97,47.4
ORD-00119,2023-10-14,2023-10-19,Second Class,CUST-0321,Home Office,East,Odisha,Bhubaneswar,Technology,Machines,Laminator,5,0.3,2954.95,648.34
ORD-00118,2024-12-09,2024-12-11,Second Class,CUST-0387,Consumer,East,Odisha,Bhubaneswar,Furniture,Furnishings,Table Lamp,4,0.0,995.95,11.14
ORD-01915,2025-10-07,2025-10-13,Standard Class,CUST-0124,Consumer,West,Goa,Panaji,Office Supplies,Binders,View Binder,8,0.2,183.82,17.95
ORD-00557,2023-09-16,2023-09-21,Standard Class,CUST-0293,Corporate,North,Uttar Pradesh,Kanpur,Office Supplies,Labels,Address Labels,6,0.0,111.14,29.15
ORD-00685,2025-02-16,2025-02-17,Standard Class,CUST-0383,Home Office,North,Haryana,Gurgaon,Office Supplies,Paper,A4 Copy Paper,3,0.1,342.83,57.53
ORD-01242,2024-09-22,2024-09-27,First Class,CUST-0155,Home Office,East,Odisha,Bhubaneswar,Technology,Machines,Laminator,1,0.1,645.92,121.71
ORD-00507,2024-08-08,2024-08-13,Standard Class,CUST-0366,Corporate,West,Maharashtra,Pune,Technology,Accessories,Power Bank,8,0.0,8570.34,2265.61
ORD-01703,2024-06-21,2024-06-25,Same Day,CUST-0302,Home Office,North,Uttar Pradesh,Lucknow,Office Supplies,Storage,Plastic Drawer,1,0.0,54.9,16.98
ORD-00165,2024-05-17,2024-05-19,Same Day,CUST-0031,Consumer,North,Uttar Pradesh,Lucknow,Furniture,Bookcases,Glass Bookcase,1,0.15,821.12,-44.35
ORD-00741,2025-02-27,2025-03-01,Second Class,CUST-0293,Home Office,East,West Bengal,Howrah,Technology,Accessories,Keyboard,1,0.1,1108.19,-42.73
ORD-01494,2023-09-12,2023-09-15,Second Class,CUST-0265,Home Office,North,Punjab,Amritsar,Furniture,Tables,Conference Table,8,0.15,3291.49,159.77
ORD-01803,2023-08-12,2023-08-19,Second Class,CUST-0353,Corporate,East,West Bengal,Howrah,Furniture,Furnishings,Wall Clock,5,0.4,2858.36,254.36
ORD-00466,2024-09-23,2024-09-27,Standard Class,CUST-0113,Consumer,North,Delhi,New Delhi,Office Supplies,Paper,A4 Copy Paper,6,0.0,203.99,30.83
ORD-01158,2024-08-07,2024-08-13,Same Day,CUST-0133,Consumer,Central,Chhattisgarh,Raipur,Office Supplies,Labels,Shipping Labels,9,0.0,210.61,42.13
ORD-01234,2025-07-13,2025-07-20,First Class,CUST-0265,Home Office,East,Jharkhand,Ranchi,Office Supplies,Art,Marker Set,7,0.0,445.19,61.92
ORD-00143,2024-01-18,2024-01-21,Second Class,CUST-0345,Home Office,East,Odisha,Bhubaneswar,Furniture,Bookcases,Glass Bookcase,8,0.3,3732.65,137.18
ORD-00114,2023-06-17,2023-06-22,Second Class,CUST-0368,Home Office,West,Rajasthan,Jaipur,Technology,Phones,Smartphone X200,9,0.0,6004.43,-321.26
ORD-01073,2024-07-06,2024-07-10,First Class,CUST-0052,Consumer,East,West Bengal,Kolkata,Furniture,Tables,Round Meeting Table,10,0.4,3072.2,156.33
ORD-01385,2024-09-10,2024-09-15,Same Day,CUST-0044,Home Office,East,West Bengal,Kolkata,Furniture,Chairs,Ergonomic Chair,2,0.1,1223.3,-20.9
ORD-00379,2025-08-15,2025-08-18,Standard Class,CUST-0325,Consumer,Central,Chhattisgarh,Raipur,Technology,Accessories,Keyboard,8,0.15,6403.1,1370.74
ORD-00064,2025-12-22,2025-12-25,Standard Class,CUST-0161,Corporate,West,Goa,Panaji,Technology,Phones,Phone Case,9,0.1,4969.89,196.27
ORD-00489,2024-06-14,2024-06-15,Standard Class,CUST-0160,Consumer,East,West Bengal,Kolkata,Furniture,Bookcases,Glass Bookcase,10,0.2,7976.02,-463.77
ORD-00638,2024-11-11,2024-11-13,First Class,CUST-0078,Consumer,North,Delhi,New Delhi,Furniture,Furnishings,Wall Clock,2,0.1,380.03,-21.0
ORD-00187,2023-07-26,2023-08-02,Standard Class,CUST-0203,Corporate,East,Bihar,Patna,Office Supplies,Art,Color Pencils,8,0.3,535.75,92.47
ORD-01346,2025-05-30,2025-06-03,First Class,CUST-0091,Home Office,South,Kerala,Kochi,Technology,Phones,Phone Case,10,0.4,8033.58,-666.78
ORD-01276,2025-03-06,2025-03-11,Standard Class,CUST-0332,Home Office,West,Maharashtra,Pune,Furniture,Furnishings,Wall Clock,1,0.2,380.61,-30.07
ORD-00636,2025-03-12,2025-03-14,Same Day,CUST-0288,Corporate,Central,Chhattisgarh,Raipur,Office Supplies,Labels,Address Labels,5,0.4,151.3,14.96
ORD-00295,2024-11-17,2024-11-22,First Class,CUST-0007,Corporate,South,Karnataka,Bangalore,Furniture,Chairs,Ergonomic Chair,5,0.0,1669.03,-34.4
ORD-00876,2025-11-07,2025-11-14,Second Class,CUST-0072,Consumer,Central,Madhya Pradesh,Bhopal,Technology,Phones,Cordless Phone,9,0.0,3886.99,373.94
ORD-00454,2024-02-15,2024-02-18,First Class,CUST-0207,Corporate,South,Kerala,Trivandrum,Office Supplies,Storage,Storage Box,10,0.5,1273.03,-60.39
ORD-00287,2025-07-08,2025-07-13,Second Class,CUST-0163,Consumer,South,Karnataka,Bangalore,Technology,Accessories,Wireless Mouse,5,0.3,4986.79,-508.35
ORD-01874,2024-08-16,2024-08-18,Second Class,CUST-0072,Consumer,East,Odisha,Bhubaneswar,Office Supplies,Binders,View Binder,8,0.0,1080.35,192.77
ORD-01967,2025-06-15,2025-06-17,Second Class,CUST-0021,Corporate,South,Andhra Pradesh,Visakhapatnam,Technology,Machines,Calculator,7,0.2,3577.12,-88.67
ORD-00301,2024-02-17,2024-02-23,Second Class,CUST-0100,Corporate,East,Bihar,Patna,Office Supplies,Storage,Plastic Drawer,9,0.2,49.82,9.0
ORD-00842,2024-11-16,2024-11-18,Standard Class,CUST-0054,Corporate,North,Punjab,Ludhiana,Technology,Copiers,All-in-One Printer,4,0.2,3521.2,32.43
ORD-00316,2024-01-21,2024-01-26,Second Class,CUST-0329,Corporate,West,Rajasthan,Udaipur,Furniture,Bookcases,Glass Bookcase,3,0.4,501.88,17.31
ORD-00896,2024-06-04,2024-06-07,First Class,CUST-0149,Home Office,East,West Bengal,Howrah,Technology,Accessories,Power Bank,10,0.5,5168.52,-597.77
ORD-00708,2023-10-23,2023-10-27,Same Day,CUST-0069,Home Office,North,Uttar Pradesh,Kanpur,Technology,Accessories,Wireless Mouse,2,0.0,311.88,91.49
ORD-00360,2024-08-20,2024-08-25,Standard Class,CUST-0071,Home Office,North,Punjab,Ludhiana,Furniture,Tables,Conference Table,6,0.2,4275.09,-282.33
ORD-00131,2024-11-28,2024-12-03,First Class,CUST-0127,Home Office,Central,Chhattisgarh,Raipur,Furniture,Bookcases,Metal Bookcase,8,0.0,2136.59,256.23
ORD-01138,2024-10-20,2024-10-27,First Class,CUST-0060,Consumer,West,Maharashtra,Pune,Technology,Machines,Label Maker,4,0.3,1797.1,-153.88
ORD-00729,2025-01-15,2025-01-22,Same Day,CUST-0275,Corporate,East,Jharkhand,Ranchi,Office Supplies,Paper,Sticky Notes,9,0.1,1256.45,255.92
ORD-00190,2023-03-01,2023-03-03,Standard Class,CUST-0124,Corporate,South,Karnataka,Bangalore,Furniture,Chairs,Ergonomic Chair,1,0.4,732.85,-2.73
ORD-00028,2024-11-18,2024-11-21,Same Day,CUST-0395,Home Office,Central,Madhya Pradesh,Bhopal,Furniture,Tables,Coffee Table,3,0.5,1681.12,-56.35
ORD-01568,2025-03-14,2025-03-17,Standard Class,CUST-0005,Corporate,Central,Madhya Pradesh,Indore,Furniture,Tables,Coffee Table,7,0.3,3427.47,15.0
ORD-01924,2023-03-22,2023-03-28,Second Class,CUST-0181,Corporate,South,Karnataka,Bangalore,Technology,Phones,Smartphone X200,9,0.5,7354.1,206.51
ORD-00919,2025-11-05,2025-11-09,Standard Class,CUST-0315,Consumer,North,Uttar Pradesh,Lucknow,Office Supplies,Paper,A4 Copy Paper,9,0.0,554.6,130.15
ORD-00747,2024-05-28,2024-05-30,Standard Class,CUST-0226,Consumer,East,Jharkhand,Ranchi,Technology,Phones,Cordless Phone,7,,862.38,162.53
ORD-01229,2023-05-23,2023-05-27,Second Class,CUST-0147,Home Office,East,Bihar,Patna,Technology,Copiers,Desktop Copier,2,0.1,1470.17,-152.21
ORD-00948,2024-03-14,2024-03-15,First Class,CUST-0091,Consumer,East,Odisha,Bhubaneswar,Office Supplies,Storage,Storage Box,9,0.15,265.86,13.58
ORD-00758,2023-12-16,2023-12-23,Second Class,CUST-0320,Corporate,North,Haryana,Faridabad,Technology,Accessories,Power Bank,1,0.2,659.69,-74.18
ORD-00739,2023-07-22,2023-07-29,Same Day,CUST-0054,Corporate,Central,Madhya Pradesh,Indore,Technology,Copiers,Desktop Copier,5,0.3,1263.75,45.73
ORD-01572,2025-08-26,2025-08-30,First Class,CUST-0138,Home Office,East,Jharkhand,Ranchi,Office Supplies,Storage,File Cabinet,6,0.0,475.21,121.15
ORD-01172,2024-06-13,2024-06-16,First Class,CUST-0122,Consumer,West,Maharashtra,Pune,Technology,Accessories,Wireless Mouse,8,0.3,5671.96,503.76
ORD-00267,2023-11-14,2023-11-17,Standard Class,CUST-0065,Corporate,North,Punjab,Ludhiana,Office Supplies,Binders,View Binder,10,0.0,1455.99,354.35
ORD-01224,2023-05-17,2023-05-21,Second Class,CUST-0153,Corporate,East,West Bengal,Kolkata,Technology,Accessories,USB Cable,1,0.2,284.39,-19.61
ORD-01505,2023-06-27,2023-07-02,Same Day,CUST-0262,Corporate,North,Haryana,Gurgaon,Technology,Copiers,All-in-One Printer,7,0.4,2478.63,191.19
ORD-00076,2025-10-30,2025-11-05,Standard Class,CUST-0324,Home Office,South,Tamil Nadu,Chennai,Technology,Copiers,All-in-One Printer,9,0.15,4115.11,582.53
ORD-01444,2023-08-16,2023-08-22,Standard Class,CUST-0300,Consumer,North,Haryana,Faridabad,Furniture,Tables,Conference Table,6,0.3,1746.63,234.4
ORD-01309,2025-12-22,2025-12-27,Same Day,CUST-0186,Home Office,South,Kerala,Trivandrum,Technology,Phones,Cordless Phone,4,0.4,1096.34,36.22
ORD-01708,2023-12-27,2024-01-03,Second Class,CUST-0279,Home Office,West,Maharashtra,Nagpur,Office Supplies,Paper,Sticky Notes,5,0.0,658.89,53.73
ORD-00949,2023-07-04,2023-07-07,Second Class,CUST-0359,Corporate,North,Uttar Pradesh,Kanpur,Technology,Accessories,Keyboard,1,0.15,195.61,38.98
ORD-01195,2025-09-23,2025-09-26,Second Class,CUST-0171,Corporate,East,Odisha,Bhubaneswar,Furniture,Furnishings,Cushion,2,0.4,1353.86,51.35
ORD-01278,2025-07-31,2025-08-07,Same Day,CUST-0152,Home Office,East,Jharkhand,Ranchi,Furniture,Chairs,Mesh Office Chair,7,0.0,799.13,-13.38
ORD-01317,2024-03-06,2024-03-11,Standard Class,CUST-0324,Corporate,East,Jharkhand,Ranchi,Furniture,Chairs,Mesh Office Chair,1,0.3,584.13,35.23
ORD-01334,2023-05-09,2023-05-13,First Class,CUST-0377,Home Office,East,Jharkhand,Ranchi,Office Supplies,Storage,Storage Box,7,,129.09,10.83
ORD-01052,2023-05-09,2023-05-10,Second Class,CUST-0062,Corporate,East,Bihar,Patna,Furniture,Chairs,Mesh Office Chair,8,0.15,5975.97,-199.73
ORD-00181,2025-09-15,2025-09-21,First Class,CUST-0153,Consumer,North,Uttar Pradesh,Kanpur,Furniture,Furnishings,Wall Clock,1,0.5,138.58,4.23
ORD-00759,2025-03-17,2025-03-19,First Class,CUST-0267,Consumer,North,Punjab,Amritsar,Office Supplies,Binders,Clip Binder,10,0.3,698.32,69.53
ORD-00658,2025-08-27,2025-09-03,Same Day,CUST-0304,Consumer,South,Kerala,Trivandrum,Technology,Machines,Label Maker,7,0.5,6301.33,-581.33
ORD-01735,2025-06-19,2025-06-26,Same Day,CUST-0204,Home Office,North,Punjab,Amritsar,Furniture,Chairs,Ergonomic Chair,7,0.15,5301.94,109.48
ORD-00377,2025-04-03,2025-04-10,First Class,CUST-0259,Corporate,South,Tamil Nadu,Madurai,Technology,Phones,Phone Case,6,0.3,3607.55,362.97
ORD-01901,2023-10-26,2023-11-02,Same Day,CUST-0313,Home Office,West,Goa,Panaji,Technology,Accessories,Keyboard,5,0.0,5544.73,-396.99
ORD-00024,2024-09-08,2024-09-12,Second Class,CUST-0338,Consumer,Central,Madhya Pradesh,Indore,Office Supplies,Paper,Sticky Notes,10,0.1,501.74,134.53
ORD-00347,2023-08-21,2023-08-27,Same Day,CUST-0364,Home Office,West,Gujarat,Ahmedabad,Office Supplies,Storage,File Cabinet,9,0.2,382.27,61.33
ORD-01646,2025-02-18,2025-02-23,Second Class,CUST-0383,Home Office,South,Andhra Pradesh,Visakhapatnam,Technology,Machines,Laminator,3,0.15,1508.84,-28.11
ORD-01858,2025-01-28,2025-01-31,First Class,CUST-0331,Home Office,West,Rajasthan,Jaipur,Furniture,Furnishings,Wall Clock,4,0.1,1554.31,229.39
ORD-01725,2024-10-16,2024-10-18,Standard Class,CUST-0097,Home Office,North,Punjab,Ludhiana,Technology,Accessories,Power Bank,7,0.0,4079.0,-177.03
ORD-00009,2025-09-22,2025-09-29,Same Day,CUST-0344,Home Office,North,Punjab,Ludhiana,Technology,Copiers,Desktop Copier,5,0.5,4925.82,419.58
ORD-00229,2024-04-25,2024-04-26,First Class,CUST-0127,Consumer,East,West Bengal,Kolkata,Office Supplies,Art,Sketch Pad,6,0.2,278.18,82.79
ORD-00490,2024-01-24,2024-01-31,Second Class,CUST-0256,Home Office,West,Goa,Panaji,Office Supplies,Paper,Notebook,10,0.4,180.0,38.67
ORD-00214,2025-12-22,2025-12-28,Second Class,CUST-0141,Corporate,North,Uttar Pradesh,Kanpur,Office Supplies,Labels,Address Labels,10,0.2,1158.18,145.23
ORD-00836,2025-08-23,2025-08-25,Standard Class,CUST-0099,Consumer,North,Punjab,Amritsar,Office Supplies,Storage,Plastic Drawer,10,0.0,289.57,65.11
ORD-00689,2023-08-17,2023-08-23,Second Class,CUST-0175,Corporate,West,Gujarat,Surat,Furniture,Bookcases,Metal Bookcase,10,0.4,2657.68,-3.85
ORD-00450,2025-09-28,2025-09-30,First Class,CUST-0270,Home Office,North,Uttar Pradesh,Kanpur,Technology,Phones,Smartphone X200,9,0.2,7730.8,-87.13
ORD-01413,2024-04-03,2024-04-08,Same Day,CUST-0102,Consumer,South,Andhra Pradesh,Visakhapatnam,Office Supplies,Art,Color Pencils,2,0.2,216.56,49.75
ORD-00016,2023-09-26,2023-10-02,Standard Class,CUST-0126,Corporate,East,Jharkhand,Ranchi,Furniture,Chairs,Ergonomic Chair,10,0.1,8717.71,492.3
ORD-01574,2025-11-29,2025-12-01,Same Day,CUST-0115,Corporate,West,Goa,Panaji,Technology,Copiers,All-in-One Printer,8,0.1,752.81,32.0
ORD-01784,2024-12-20,2024-12-25,Same Day,CUST-0001,Consumer,West,Maharashtra,Nagpur,Technology,Phones,Smartphone X200,5,0.1,1478.53,68.59
ORD-01783,2025-04-04,2025-04-07,Same Day,CUST-0358,Corporate,West,Rajasthan,Udaipur,Office Supplies,Labels,Address Labels,2,0.2,60.18,14.22
ORD-01458,2024-07-29,2024-08-02,Standard Class,CUST-0386,Home Office,North,Delhi,New Delhi,Furniture,Tables,Round Meeting Table,2,0.1,529.07,-14.05
ORD-00958,2023-02-20,2023-02-21,Second Class,CUST-0311,Corporate,Central,Chhattisgarh,Raipur,Office Supplies,Labels,Shipping Labels,8,0.0,538.2,117.53
ORD-00547,2025-09-22,2025-09-24,First Class,CUST-0221,Corporate,West,Maharashtra,Pune,Office Supplies,Binders,View Binder,3,0.0,78.3,22.1
ORD-01163,2025-04-11,2025-04-18,Standard Class,CUST-0199,Consumer,North,Delhi,New Delhi,Office Supplies,Labels,Address Labels,4,0.5,260.77,32.11
ORD-00661,2025-08-25,2025-08-31,Same Day,CUST-0274,Consumer,West,Goa,Panaji,Furniture,Furnishings,Wall Clock,6,0.15,4043.64,505.24
ORD-00355,2025-03-25,2025-03-27,Same Day,CUST-0227,Corporate,West,Rajasthan,Udaipur,Office Supplies,Binders,Clip Binder,6,0.0,880.45,278.52
ORD-00749,2023-01-13,2023-01-17,Same Day,CUST-0231,Home Office,North,Delhi,New Delhi,Technology,Phones,Smartphone X200,1,0.4,700.65,-46.95
ORD-00208,2023-08-20,2023-08-24,Same Day,CUST-0339,Home Office,West,Maharashtra,Mumbai,Office Supplies,Storage,Storage Box,9,0.2,749.68,162.29
ORD-01157,2025-01-05,2025-01-10,Same Day,CUST-0277,Corporate,Central,Chhattisgarh,Raipur,Office Supplies,Binders,3-Ring Binder,2,0.5,173.02,35.03
ORD-00740,2025-09-18,2025-09-23,Standard Class,CUST-0025,Corporate,West,Rajasthan,Udaipur,Office Supplies,Binders,View Binder,1,0.5,15.24,0.67
ORD-01084,2024-04-26,2024-04-27,Second Class,CUST-0150,Consumer,South,Kerala,Kochi,Furniture,Tables,Conference Table,8,,1086.75,-29.65
ORD-00417,2025-04-08,2025-04-15,Second Class,CUST-0012,Consumer,South,Kerala,Kochi,Furniture,Bookcases,Metal Bookcase,3,0.5,1292.3,-15.58
ORD-01433,2024-01-06,2024-01-11,Standard Class,CUST-0033,Home Office,West,Goa,Panaji,Technology,Copiers,Desktop Copier,4,0.0,2912.39,-116.58
ORD-01068,2024-09-25,2024-09-30,Standard Class,CUST-0132,Corporate,West,Goa,Panaji,Office Supplies,Labels,Shipping Labels,10,0.3,453.9,47.98
ORD-01599,2024-05-24,2024-05-25,Same Day,CUST-0301,Consumer,West,Goa,Panaji,Technology,Phones,Phone Case,7,0.1,7078.86,-194.82
ORD-00702,2024-03-03,2024-03-05,Second Class,CUST-0195,Consumer,East,Odisha,Bhubaneswar,Office Supplies,Paper,A4 Copy Paper,6,0.0,793.54,128.98
ORD-00443,2023-10-09,2023-10-16,First Class,CUST-0150,Corporate,North,Delhi,New Delhi,Office Supplies,Labels,Shipping Labels,9,0.5,875.04,-5.06
ORD-01427,2025-07-06,2025-07-11,Standard Class,CUST-0208,Corporate,Central,Chhattisgarh,Raipur,Furniture,Chairs,Folding Chair,3,0.3,1712.14,125.61
ORD-01450,2023-04-05,2023-04-12,First Class,CUST-0150,Home Office,South,Karnataka,Bangalore,Furniture,Tables,Conference Table,3,0.4,1231.64,-103.21
ORD-00537,2023-11-16,2023-11-17,First Class,CUST-0048,Home Office,North,Punjab,Ludhiana,Furniture,Furnishings,Photo Frame,8,0.5,3633.97,-267.07
ORD-00349,2025-12-02,2025-12-08,First Class,CUST-0211,Home Office,North,Haryana,Faridabad,Technology,Accessories,Power Bank,6,0.1,434.78,-11.77
ORD-01421,2023-10-18,2023-10-21,First Class,CUST-0342,Home Office,West,Rajasthan,Udaipur,Technology,Accessories,Power Bank,3,0.0,268.62,-21.53
ORD-00404,2024-06-15,2024-06-22,Same Day,CUST-0156,Home Office,North,Uttar Pradesh,Kanpur,Furniture,Chairs,Ergonomic Chair,2,0.3,165.46,17.74
ORD-00363,2024-03-31,2024-04-02,Standard Class,CUST-0017,Home Office,South,Karnataka,Mysore,Furniture,Tables,Computer Desk,2,0.0,856.68,123.08
ORD-00027,2025-10-30,2025-11-03,First Class,CUST-0121,Corporate,Central,Chhattisgarh,Raipur,Technology,Copiers,All-in-One Printer,5,0.5,1567.86,-37.71
ORD-01117,2023-04-08,2023-04-10,First Class,CUST-0085,Corporate,East,Bihar,Patna,Office Supplies,Paper,Notebook,10,0.2,583.2,103.57
ORD-01178,2025-10-06,2025-10-13,Second Class,CUST-0371,Consumer,South,Tamil Nadu,Madurai,Furniture,Furnishings,Wall Clock,1,0.2,735.91,58.35
ORD-00178,2024-10-13,2024-10-20,First Class,CUST-0229,Consumer,Central,Madhya Pradesh,Bhopal,Office Supplies,Paper,Sticky Notes,2,0.0,294.89,74.02
ORD-01938,2023-08-05,2023-08-11,Same Day,CUST-0132,Corporate,West,Rajasthan,Udaipur,Technology,Phones,Cordless Phone,2,0.15,1619.99,-157.58
ORD-00880,2025-10-23,2025-10-28,Standard Class,CUST-0186,Home Office,North,Haryana,Faridabad,Office Supplies,Binders,View Binder,7,0.15,76.22,10.17
ORD-01902,2023-08-21,2023-08-23,Second Class,CUST-0154,Corporate,South,Karnataka,Mysore,Office Supplies,Storage,Storage Box,9,0.0,701.15,185.8
ORD-00756,2023-11-05,2023-11-07,Second Class,CUST-0213,Consumer,East,West Bengal,Howrah,Technology,Machines,Calculator,8,0.0,3065.62,773.22
ORD-00253,2024-07-26,2024-07-30,Second Class,CUST-0323,Home Office,South,Karnataka,Bangalore,Furniture,Bookcases,Wooden Bookcase,9,0.0,3909.77,266.83
ORD-00415,2025-01-10,2025-01-11,Second Class,CUST-0295,Consumer,West,Gujarat,Ahmedabad,Technology,Phones,Smartphone X200,6,0.0,1433.84,385.71
ORD-00559,2023-07-31,2023-08-01,Standard Class,CUST-0250,Home Office,West,Maharashtra,Mumbai,Furniture,Bookcases,Metal Bookcase,3,0.1,454.18,12.58
ORD-00554,2023-07-24,2023-07-30,Same Day,CUST-0212,Home Office,West,Maharashtra,Nagpur,Office Supplies,Art,Marker Set,4,0.4,299.13,22.49
ORD-00194,2024-11-19,2024-11-22,Same Day,CUST-0152,Corporate,East,Bihar,Patna,Technology,Machines,Laminator,3,0.3,314.74,40.45
ORD-01503,2024-06-23,2024-06-26,Standard Class,CUST-0019,Corporate,South,Kerala,Trivandrum,Office Supplies,Paper,Sticky Notes,3,0.3,356.03,-0.15
ORD-00705,2024-09-26,2024-10-03,First Class,CUST-0024,Consumer,North,Uttar Pradesh,Kanpur,Office Supplies,Paper,Notebook,2,0.0,244.95,32.44
ORD-01492,2024-06-18,2024-06-23,First Class,CUST-0389,Consumer,South,Karnataka,Mysore,Technology,Accessories,Keyboard,10,0.2,6690.98,1542.54
ORD-00446,2024-05-04,2024-05-08,First Class,CUST-0023,Consumer,East,Jharkhand,Ranchi,Office Supplies,Paper,A4 Copy Paper,6,0.0,341.36,36.98
ORD-00789,2025-09-08,2025-09-10,Standard Class,CUST-0147,Corporate,East,West Bengal,Howrah,Furniture,Tables,Coffee Table,1,0.3,815.89,24.26
ORD-01937,2023-10-05,2023-10-12,Second Class,CUST-0152,Corporate,North,Delhi,New Delhi,Office Supplies,Paper,Notebook,1,0.15,7.77,2.42
ORD-01800,2023-10-30,2023-11-02,First Class,CUST-0308,Corporate,South,Kerala,Kochi,Furniture,Bookcases,Wooden Bookcase,6,0.5,3869.88,-269.9
ORD-01465,2025-10-09,2025-10-13,Same Day,CUST-0273,Home Office,South,Karnataka,Bangalore,Office Supplies,Binders,3-Ring Binder,8,0.0,152.24,21.11
ORD-00452,2023-06-23,2023-06-25,First Class,CUST-0140,Corporate,North,Haryana,Faridabad,Technology,Machines,Laminator,10,0.4,3844.1,545.1
ORD-01400,2024-01-31,2024-02-04,Second Class,CUST-0267,Corporate,South,Tamil Nadu,Madurai,Technology,Machines,Label Maker,2,0.4,898.01,64.71
ORD-00465,2023-12-29,2024-01-01,Standard Class,CUST-0200,Home Office,North,Uttar Pradesh,Lucknow,Furniture,Chairs,Folding Chair,3,0.5,1125.42,-107.99
ORD-00688,2025-09-04,2025-09-08,Standard Class,CUST-0298,Corporate,North,Delhi,New Delhi,Technology,Phones,Smartphone X200,8,0.5,1883.64,-150.72
ORD-00459,2024-08-19,2024-08-25,Standard Class,CUST-0200,Consumer,Central,Madhya Pradesh,Indore,Furniture,Bookcases,Glass Bookcase,1,0.0,220.9,43.61
ORD-01377,2023-01-02,2023-01-09,Same Day,CUST-0124,Consumer,West,Goa,Panaji,Technology,Machines,Label Maker,3,0.3,1483.82,-40.62
ORD-00944,2024-07-23,2024-07-26,Standard Class,CUST-0012,Consumer,South,Andhra Pradesh,Vijayawada,Technology,Machines,Laminator,8,0.1,1842.65,463.27
ORD-01618,2025-04-25,2025-04-28,Same Day,CUST-0029,Consumer,East,Jharkhand,Ranchi,Furniture,Furnishings,Wall Clock,6,0.0,970.9,33.21
ORD-00748,2024-05-18,2024-05-23,Standard Class,CUST-0351,Consumer,Central,Chhattisgarh,Raipur,Furniture,Bookcases,Wooden Bookcase,2,0.0,1283.01,168.1
ORD-00370,2023-10-29,2023-11-05,Second Class,CUST-0196,Home Office,West,Maharashtra,Mumbai,Office Supplies,Art,Sketch Pad,4,0.0,98.07,19.56
ORD-00485,2024-01-20,2024-01-21,Same Day,CUST-0338,Home Office,East,West Bengal,Howrah,Furniture,Bookcases,Glass Bookcase,8,0.0,2172.14,80.55
ORD-01353,2023-07-15,2023-07-18,Second Class,CUST-0304,Corporate,Central,Chhattisgarh,Raipur,Technology,Phones,Phone Case,3,0.0,867.62,51.44
ORD-01188,2025-01-16,2025-01-22,First Class,CUST-0081,Corporate,South,Tamil Nadu,Coimbatore,Furniture,Chairs,Ergonomic Chair,5,0.0,3776.15,16.6
ORD-00308,2024-08-03,2024-08-08,Second Class,CUST-0361,Home Office,South,Karnataka,Bangalore,Office Supplies,Labels,Shipping Labels,9,0.0,214.75,14.2
ORD-00286,2025-03-03,2025-03-10,First Class,CUST-0310,Corporate,North,Haryana,Gurgaon,Furniture,Bookcases,Metal Bookcase,3,0.1,442.3,15.19
ORD-00624,2024-08-06,2024-08-08,Second Class,CUST-0283,Home Office,North,Haryana,Faridabad,Office Supplies,Art,Marker Set,3,0.0,414.2,103.52
ORD-01474,2024-05-10,2024-05-11,First Class,CUST-0258,Consumer,West,Rajasthan,Udaipur,Technology,Phones,Smartphone X200,5,0.0,1645.37,80.01
ORD-00701,2024-02-15,2024-02-22,First Class,CUST-0162,Consumer,Central,Chhattisgarh,Raipur,Furniture,Tables,Computer Desk,5,0.0,1144.51,165.8
ORD-01811,2025-01-12,2025-01-14,First Class,CUST-0116,Corporate,South,Karnataka,Mysore,Technology,Copiers,Desktop Copier,10,0.0,827.64,179.37
ORD-00926,2023-06-02,2023-06-09,Same Day,CUST-0158,Consumer,North,Uttar Pradesh,Kanpur,Office Supplies,Paper,A4 Copy Paper,4,0.15,409.43,18.75
ORD-01096,2023-03-24,2023-03-25,Standard Class,CUST-0365,Corporate,East,Odisha,Bhubaneswar,Furniture,Chairs,Mesh Office Chair,3,0.2,443.8,43.18
ORD-01710,2024-08-30,2024-08-31,First Class,CUST-0315,Corporate,Central,Madhya Pradesh,Bhopal,Technology,Accessories,Keyboard,3,0.5,2071.08,340.76
ORD-00954,2025-07-13,2025-07-16,First Class,CUST-0237,Corporate,West,Rajasthan,Jaipur,Office Supplies,Art,Color Pencils,6,0.1,387.9,109.57
ORD-01947,2024-11-05,2024-11-08,First Class,CUST-0017,Consumer,South,Andhra Pradesh,Visakhapatnam,Technology,Accessories,Power Bank,9,0.5,3626.53,116.82
ORD-00716,2023-11-08,2023-11-13,Standard Class,CUST-0039,Corporate,Central,Chhattisgarh,Raipur,Office Supplies,Binders,Clip Binder,5,0.4,354.88,3.85
ORD-01913,2023-12-16,2023-12-18,Standard Class,CUST-0323,Consumer,East,Odisha,Bhubaneswar,Technology,Phones,Phone Case,3,0.15,2564.15,155.5
ORD-01258,2023-05-18,2023-05-25,Same Day,CUST-0068,Consumer,East,Odisha,Bhubaneswar,Office Supplies,Labels,Address Labels,4,0.4,26.11,6.28
ORD-00098,2025-03-27,2025-03-29,Second Class,CUST-0168,Home Office,East,West Bengal,Howrah,Furniture,Furnishings,Table Lamp,5,0.3,2041.44,216.48
ORD-01362,2023-01-09,2023-01-11,Second Class,CUST-0224,Corporate,Central,Madhya Pradesh,Indore,Furniture,Chairs,Mesh Office Chair,9,0.4,3616.98,374.25
ORD-01074,2023-11-19,2023-11-20,Same Day,CUST-0190,Corporate,North,Uttar Pradesh,Lucknow,Furniture,Tables,Round Meeting Table,8,0.5,4791.15,-302.14
ORD-00766,2023-11-29,2023-12-03,Second Class,CUST-0034,Consumer,Central,Chhattisgarh,Raipur,Technology,Machines,Laminator,7,0.0,2288.2,1.53
ORD-00140,2025-10-21,2025-10-23,First Class,CUST-0244,Consumer,East,West Bengal,Howrah,Furniture,Bookcases,Metal Bookcase,2,0.15,334.59,1.93
ORD-00803,2023-03-23,2023-03-25,Second Class,CUST-0164,Consumer,South,Karnataka,Mysore,Furniture,Furnishings,Table Lamp,6,0.15,740.29,49.15
ORD-00937,2024-10-19,2024-10-22,Same Day,CUST-0337,Home Office,East,Bihar,Patna,Furniture,Furnishings,Wall Clock,10,0.5,7246.7,392.53
ORD-01893,2025-07-09,2025-07-12,Standard Class,CUST-0042,Home Office,West,Goa,Panaji,Office Supplies,Labels,Shipping Labels,9,0.4,656.34,15.25
ORD-01439,2025-08-22,2025-08-23,First Class,CUST-0164,Consumer,Central,Chhattisgarh,Raipur,Furniture,Furnishings,Wall Clock,5,0.2,1535.15,194.4
ORD-01490,2025-04-16,2025-04-22,First Class,CUST-0367,Corporate,North,Uttar Pradesh,Kanpur,Technology,Phones,Cordless Phone,10,0.0,7644.09,-107.35
ORD-01330,2024-06-06,2024-06-13,Second Class,CUST-0395,Consumer,Central,Madhya Pradesh,Indore,Office Supplies,Storage,Storage Box,3,0.3,298.25,54.01
ORD-01667,2025-06-05,2025-06-11,Same Day,CUST-0054,Home Office,North,Punjab,Ludhiana,Furniture,Furnishings,Cushion,7,0.4,5051.53,72.38
ORD-01654,2023-02-16,2023-02-21,First Class,CUST-0181,Corporate,East,Odisha,Bhubaneswar,Office Supplies,Binders,Clip Binder,3,0.1,309.15,39.53
ORD-00129,2023-07-15,2023-07-20,First Class,CUST-0009,Consumer,North,Punjab,Ludhiana,Technology,Copiers,All-in-One Printer,1,,316.56,54.29
ORD-00692,2023-11-18,2023-11-21,First Class,CUST-0231,Corporate,Central,Chhattisgarh,Raipur,Technology,Machines,Laminator,5,0.0,1995.8,462.41
ORD-00886,2025-02-04,2025-02-11,First Class,CUST-0149,Home Office,East,West Bengal,Kolkata,Office Supplies,Paper,Notebook,6,0.0,624.37,119.22
ORD-01232,2024-11-25,2024-11-27,Same Day,CUST-0274,Consumer,Central,Chhattisgarh,Raipur,Office Supplies,Storage,Storage Box,2,0.0,90.77,5.42
ORD-01771,2023-01-24,2023-01-28,Same Day,CUST-0127,Consumer,West,Goa,Panaji,Technology,Phones,Cordless Phone,8,0.0,4241.47,554.79
ORD-00523,2023-04-16,2023-04-22,First Class,CUST-0167,Consumer,South,Karnataka,Bangalore,Furniture,Bookcases,Glass Bookcase,10,0.5,7456.36,-626.26
ORD-00265,2024-05-21,2024-05-27,Standard Class,CUST-0130,Corporate,North,Punjab,Amritsar,Technology,Phones,Phone Case,4,0.2,1537.56,242.77
ORD-01160,2023-09-19,2023-09-26,Same Day,CUST-0164,Corporate,South,Kerala,Kochi,Office Supplies,Labels,Shipping Labels,9,0.5,536.36,9.23
ORD-01437,2024-03-24,2024-03-27,Second Class,CUST-0152,Home Office,East,West Bengal,Howrah,Office Supplies,Art,Color Pencils,9,0.5,502.84,87.63
ORD-01592,2025-04-11,2025-04-18,Standard Class,CUST-0321,Consumer,East,Odisha,Bhubaneswar,Furniture,Chairs,Mesh Office Chair,5,0.0,4205.19,97.78
ORD-00632,2024-06-17,2024-06-18,First Class,CUST-0067,Home Office,East,Jharkhand,Ranchi,Office Supplies,Binders,Clip Binder,8,0.1,682.98,43.09
ORD-00499,2025-11-02,2025-11-05,First Class,CUST-0268,Corporate,East,Odisha,Bhubaneswar,Technology,Phones,Smartphone X200,5,0.15,5206.24,524.94
ORD-01981,2024-09-27,2024-09-30,Second Class,CUST-0005,Home Office,West,Goa,Panaji,Technology,Copiers,All-in-One Printer,6,0.15,2822.58,267.74
ORD-01364,2024-08-09,2024-08-11,Second Class,CUST-0199,Consumer,South,Karnataka,Bangalore,Office Supplies,Storage,Storage Box,2,0.2,31.86,6.02
ORD-01661,2024-01-31,2024-02-04,Second Class,CUST-0306,Corporate,West,Rajasthan,Jaipur,Office Supplies,Storage,Plastic Drawer,1,0.3,116.82,10.74
ORD-01153,2025-11-09,2025-11-13,Standard Class,CUST-0292,Consumer,North,Uttar Pradesh,Noida,Furniture,Tables,Round Meeting Table,1,0.15,706.22,74.77
ORD-00433,2024-10-20,2024-10-23,Same Day,CUST-0276,Consumer,South,Andhra Pradesh,Visakhapatnam,Furniture,Tables,Round Meeting Table,10,0.3,4283.86,124.01
ORD-01159,2025-11-12,2025-11-18,Second Class,CUST-0202,Home Office,South,Andhra Pradesh,Vijayawada,Technology,Phones,Phone Case,1,0.0,702.34,43.17
ORD-01241,2023-06-14,2023-06-20,Standard Class,CUST-0274,Corporate,Central,Madhya Pradesh,Indore,Furniture,Tables,Coffee Table,6,0.1,5074.67,232.99
ORD-00069,2024-07-11,2024-07-15,Standard Class,CUST-0004,Consumer,West,Goa,Panaji,Office Supplies,Storage,Storage Box,9,0.4,533.31,33.35
ORD-00936,2025-04-30,2025-05-03,First Class,CUST-0246,Corporate,West,Gujarat,Ahmedabad,Technology,Copiers,All-in-One Printer,1,0.0,514.63,-14.27
ORD-01040,2024-12-05,2024-12-06,Same Day,CUST-0341,Consumer,East,Jharkhand,Ranchi,Office Supplies,Paper,A4 Copy Paper,3,0.0,203.72,19.16
ORD-01200,2024-11-25,2024-11-28,Second Class,CUST-0031,Home Office,East,Odisha,Bhubaneswar,Furniture,Chairs,Mesh Office Chair,9,0.3,2399.11,185.68
ORD-01854,2025-09-27,2025-09-28,Standard Class,CUST-0080,Consumer,South,Kerala,Trivandrum,Technology,Accessories,Keyboard,1,0.15,521.01,10.55
ORD-00574,2024-01-19,2024-01-22,Standard Class,CUST-0226,Corporate,North,Uttar Pradesh,Kanpur,Technology,Copiers,All-in-One Printer,5,0.1,2219.32,184.58
ORD-00335,2023-04-04,2023-04-09,Same Day,CUST-0399,Consumer,South,Kerala,Kochi,Furniture,Bookcases,Wooden Bookcase,7,0.1,1478.87,238.72
ORD-00339,2023-04-18,2023-04-23,Second Class,CUST-0399,Consumer,South,Karnataka,Bangalore,Office Supplies,Labels,Address Labels,2,0.2,206.05,48.24
ORD-01344,2023-07-15,2023-07-21,Standard Class,CUST-0110,Consumer,Central,Madhya Pradesh,Bhopal,Furniture,Tables,Conference Table,9,0.1,2894.28,261.75
ORD-00665,2024-09-12,2024-09-16,Standard Class,CUST-0077,Consumer,East,West Bengal,Howrah,Technology,Machines,Label Maker,6,0.0,1070.54,57.15
ORD-00384,2025-08-30,2025-09-05,Second Class,CUST-0130,Home Office,South,Kerala,Kochi,Office Supplies,Art,Color Pencils,6,0.0,48.33,12.02
ORD-01815,2025-10-13,2025-10-16,Second Class,CUST-0083,Home Office,North,Uttar Pradesh,Lucknow,Furniture,Furnishings,Photo Frame,7,0.0,5494.27,-269.59
ORD-00056,2024-10-31,2024-11-06,Standard Class,CUST-0240,Consumer,West,Gujarat,Ahmedabad,Furniture,Bookcases,Glass Bookcase,9,0.4,6566.15,734.4
ORD-01644,2025-09-11,2025-09-15,Standard Class,CUST-0212,Corporate,North,Punjab,Ludhiana,Furniture,Tables,Coffee Table,5,0.1,3428.72,123.06
ORD-00972,2023-09-14,2023-09-15,Same Day,CUST-0309,Home Office,Central,Madhya Pradesh,Indore,Technology,Copiers,Desktop Copier,10,0.3,10763.16,1519.31
ORD-00700,2024-11-26,2024-11-30,First Class,CUST-0273,Corporate,Central,Chhattisgarh,Raipur,Office Supplies,Labels,Shipping Labels,1,0.2,57.85,5.07
ORD-01536,2025-04-05,2025-04-11,First Class,CUST-0210,Corporate,South,Andhra Pradesh,Vijayawada,Furniture,Bookcases,Glass Bookcase,4,0.0,1615.89,-37.53
ORD-00722,2023-07-21,2023-07-26,Same Day,CUST-0322,Home Office,North,Delhi,New Delhi,Office Supplies,Labels,Shipping Labels,7,0.4,66.41,9.43
ORD-01683,2024-04-18,2024-04-23,Second Class,CUST-0075,Home Office,North,Punjab,Amritsar,Technology,Accessories,USB Cable,1,0.0,602.44,148.42
ORD-00171,2025-10-13,2025-10-14,Same Day,CUST-0032,Consumer,West,Goa,Panaji,Office Supplies,Paper,A4 Copy Paper,5,0.1,645.52,115.98
ORD-01151,2024-04-29,2024-05-03,Same Day,CUST-0125,Consumer,West,Gujarat,Ahmedabad,Technology,Machines,Laminator,7,0.4,378.67,-59.08
ORD-00957,2023-07-28,2023-07-30,Standard Class,CUST-0361,Consumer,North,Uttar Pradesh,Kanpur,Furniture,Bookcases,Wooden Bookcase,1,0.15,713.06,30.67
ORD-00327,2025-07-17,2025-07-20,Second Class,CUST-0313,Corporate,West,Rajasthan,Udaipur,Furniture,Chairs,Folding Chair,1,0.15,376.17,-13.36
ORD-00504,2024-12-15,2024-12-21,Second Class,CUST-0133,Consumer,Central,Chhattisgarh,Raipur,Technology,Phones,Smartphone X200,3,0.5,657.32,-25.6
ORD-01837,2024-03-06,2024-03-13,Same Day,CUST-0044,Home Office,East,West Bengal,Howrah,Technology,Accessories,Power Bank,1,0.5,752.36,-8.89
ORD-00410,2025-01-07,2025-01-14,Second Class,CUST-0108,Home Office,West,Gujarat,Ahmedabad,Office Supplies,Binders,View Binder,8,0.0,271.4,90.35
ORD-01414,2023-05-06,2023-05-07,Same Day,CUST-0355,Home Office,West,Maharashtra,Mumbai,Furniture,Chairs,Mesh Office Chair,5,0.1,948.01,144.2
ORD-00298,2025-01-07,2025-01-08,Second Class,CUST-0357,Consumer,North,Haryana,Faridabad,Office Supplies,Art,Marker Set,7,0.0,100.9,13.35
ORD-00893,2023-10-13,2023-10-20,Standard Class,CUST-0357,Home Office,West,Gujarat,Ahmedabad,Technology,Accessories,Wireless Mouse,10,0.15,3114.86,-290.02
ORD-00830,2023-01-25,2023-01-27,Standard Class,CUST-0113,Corporate,South,Andhra Pradesh,Vijayawada,Office Supplies,Paper,Sticky Notes,9,0.0,1337.51,81.91
ORD-01941,2023-05-03,2023-05-10,Same Day,CUST-0012,Corporate,South,Tamil Nadu,Coimbatore,Furniture,Chairs,Ergonomic Chair,8,0.0,4735.59,72.36
ORD-00841,2025-10-16,2025-10-20,Same Day,CUST-0048,Corporate,West,Rajasthan,Udaipur,Furniture,Bookcases,Glass Bookcase,7,0.0,4339.24,-208.89
ORD-01088,2025-11-17,2025-11-18,Second Class,CUST-0181,Consumer,South,Kerala,Trivandrum,Technology,Phones,Phone Case,2,0.15,1906.25,463.24
ORD-00735,2023-07-12,2023-07-17,First Class,CUST-0036,Consumer,East,West Bengal,Kolkata,Technology,Phones,Phone Case,6,0.0,7097.39,-631.23
ORD-00672,2025-08-01,2025-08-06,Second Class,CUST-0345,Corporate,West,Rajasthan,Udaipur,Office Supplies,Labels,Address Labels,6,0.4,291.58,34.9
ORD-00649,2023-03-10,2023-03-16,Same Day,CUST-0384,Home Office,East,Jharkhand,Ranchi,Furniture,Bookcases,Metal Bookcase,1,0.4,771.18,92.01
ORD-00443,2023-10-09,2023-10-16,First Class,CUST-0150,Corporate,North,Delhi,New Delhi,Office Supplies,Labels,Shipping Labels,9,0.5,875.04,-5.06
ORD-01685,2024-02-01,2024-02-03,Standard Class,CUST-0291,Corporate,South,Tamil Nadu,Chennai,Furniture,Furnishings,Table Lamp,5,0.2,1372.98,-76.42
ORD-01543,2024-08-12,2024-08-17,Second Class,CUST-0176,Corporate,East,Odisha,Bhubaneswar,Technology,Machines,Calculator,9,0.4,8981.06,-702.09
ORD-01972,2024-01-01,2024-01-05,Standard Class,CUST-0080,Consumer,Central,Madhya Pradesh,Bhopal,Furniture,Tables,Coffee Table,4,0.2,3272.7,24.05
ORD-00717,2024-09-30,2024-10-02,Second Class,CUST-0128,Corporate,Central,Madhya Pradesh,Bhopal,Office Supplies,Paper,A4 Copy Paper,8,0.1,899.12,69.98
ORD-00719,2025-06-16,2025-06-19,Same Day,CUST-0389,Corporate,North,Uttar Pradesh,Lucknow,Furniture,Bookcases,Metal Bookcase,1,0.4,345.69,-8.13
ORD-00532,2025-03-10,2025-03-14,Same Day,CUST-0309,Home Office,West,Maharashtra,Mumbai,Technology,Copiers,All-in-One Printer,3,0.3,707.49,23.0
ORD-00408,2023-05-05,2023-05-10,Same Day,CUST-0011,Consumer,North,Uttar Pradesh,Kanpur,Office Supplies,Labels,Address Labels,5,0.4,288.13,47.21
ORD-00200,2024-05-24,2024-05-26,Second Class,CUST-0176,Corporate,East,Bihar,Patna,Furniture,Furnishings,Cushion,3,0.4,352.53,18.32
ORD-00474,2023-06-13,2023-06-16,First Class,CUST-0305,Home Office,West,Goa,Panaji,Office Supplies,Art,Sketch Pad,9,0.4,537.35,45.37
ORD-01268,2024-09-29,2024-10-02,Standard Class,CUST-0123,Home Office,East,West Bengal,Howrah,Furniture,Tables,Computer Desk,3,0.3,400.7,-4.64
ORD-01206,2024-03-24,2024-03-30,First Class,CUST-0396,Home Office,Central,Madhya Pradesh,Bhopal,Office Supplies,Paper,Sticky Notes,3,0.0,52.85,6.17
ORD-00829,2023-03-16,2023-03-22,Standard Class,CUST-0023,Corporate,Central,Madhya Pradesh,Bhopal,Office Supplies,Storage,Plastic Drawer,8,0.1,753.53,109.39
ORD-00217,2023-10-25,2023-10-26,Standard Class,CUST-0316,Home Office,North,Punjab,Amritsar,Furniture,Bookcases,Glass Bookcase,5,0.1,970.35,114.89
ORD-00254,2025-12-29,2026-01-04,First Class,CUST-0134,Corporate,East,Jharkhand,Ranchi,Office Supplies,Labels,Address Labels,7,0.15,191.76,40.07
ORD-00153,2024-09-17,2024-09-23,Same Day,CUST-0356,Consumer,South,Andhra Pradesh,Vijayawada,Technology,Phones,Smartphone X200,4,0.4,1091.62,160.3
ORD-01277,2025-05-28,2025-05-31,Second Class,CUST-0353,Consumer,North,Delhi,New Delhi,Furniture,Chairs,Executive Leather Chair,3,0.0,384.41,15.84
ORD-01091,2024-02-05,2024-02-07,Standard Class,CUST-0192,Home Office,East,Bihar,Patna,Office Supplies,Binders,Clip Binder,9,0.2,654.54,97.78
ORD-00931,2025-05-14,2025-05-17,Standard Class,CUST-0021,Consumer,East,Bihar,Patna,Technology,Accessories,Keyboard,10,0.3,8956.95,1908.1
ORD-01257,2023-07-15,2023-07-18,Same Day,CUST-0076,Home Office,South,Karnataka,Bangalore,Furniture,Tables,Coffee Table,1,0.0,104.05,11.77
ORD-01445,2024-10-25,2024-10-26,Standard Class,CUST-0213,Corporate,North,Uttar Pradesh,Kanpur,Office Supplies,Storage,File Cabinet,6,0.0,221.33,38.81
ORD-01339,2025-09-10,2025-09-12,Standard Class,CUST-0249,Home Office,North,Haryana,Gurgaon,Technology,Phones,Cordless Phone,2,0.5,931.78,165.96
ORD-01768,2025-02-28,2025-03-05,Second Class,CUST-0223,Corporate,North,Uttar Pradesh,Noida,Office Supplies,Storage,File Cabinet,5,0.4,462.96,61.02
ORD-01615,2025-05-01,2025-05-02,Standard Class,CUST-0176,Corporate,East,Bihar,Patna,Technology,Accessories,USB Cable,2,0.2,393.43,-4.52
ORD-01886,2025-10-20,2025-10-21,Standard Class,CUST-0340,Corporate,Central,Chhattisgarh,Raipur,Furniture,Furnishings,Cushion,5,0.2,3952.81,208.45
ORD-00531,2024-09-09,2024-09-14,Second Class,CUST-0164,Consumer,East,Bihar,Patna,Office Supplies,Art,Color Pencils,6,0.0,735.33,226.86
ORD-01404,2024-11-10,2024-11-13,First Class,CUST-0131,Home Office,West,Maharashtra,Pune,Office Supplies,Labels,Address Labels,9,0.5,278.67,49.38
ORD-01299,2025-12-12,2025-12-18,Same Day,CUST-0157,Corporate,Central,Chhattisgarh,Raipur,Office Supplies,Labels,Shipping Labels,2,0.1,23.62,2.52
ORD-00241,2023-08-30,2023-09-04,First Class,CUST-0349,Corporate,North,Uttar Pradesh,Kanpur,Furniture,Bookcases,Metal Bookcase,6,0.15,959.19,128.29
ORD-01011,2024-10-01,2024-10-06,Same Day,CUST-0393,Consumer,East,Bihar,Patna,Technology,Accessories,Power Bank,7,0.3,6656.56,-322.1
ORD-01744,2025-02-16,2025-02-21,Same Day,CUST-0218,Consumer,East,Odisha,Bhubaneswar,Office Supplies,Binders,Clip Binder,1,0.2,124.27,13.84
ORD-00188,2024-05-01,2024-05-02,Same Day,CUST-0397,Corporate,West,Rajasthan,Udaipur,Furniture,Bookcases,Metal Bookcase,5,0.0,1549.42,299.23
ORD-00247,2024-11-27,2024-11-28,Same Day,CUST-0060,Corporate,Central,Chhattisgarh,Raipur,Technology,Copiers,All-in-One Printer,10,0.4,3877.37,639.03
ORD-00906,2023-04-23,2023-04-24,First Class,CUST-0028,Corporate,West,Gujarat,Ahmedabad,Furniture,Tables,Conference Table,1,,113.92,-6.83
ORD-01821,2025-10-05,2025-10-09,Standard Class,CUST-0281,Home Office,West,Rajasthan,Jaipur,Office Supplies,Labels,Shipping Labels,2,0.15,224.34,9.4
ORD-01045,2024-05-06,2024-05-10,First Class,CUST-0147,Corporate,East,Jharkhand,Ranchi,Office Supplies,Art,Color Pencils,10,0.3,549.96,40.76
ORD-00902,2024-04-12,2024-04-17,Standard Class,CUST-0177,Corporate,Central,Madhya Pradesh,Indore,Technology,Machines,Calculator,4,0.5,2739.88,527.08
ORD-00693,2025-05-21,2025-05-26,First Class,CUST-0151,Corporate,West,Goa,Panaji,Office Supplies,Binders,Clip Binder,6,0.15,144.91,33.52
ORD-00303,2024-10-08,2024-10-13,Same Day,CUST-0096,Home Office,Central,Madhya Pradesh,Bhopal,Technology,Machines,Label Maker,2,0.3,156.25,10.69
ORD-00284,2025-01-07,2025-01-14,Same Day,CUST-0288,Home Office,North,Delhi,New Delhi,Technology,Copiers,Desktop Copier,7,0.4,6711.03,-707.56
ORD-00899,2024-06-06,2024-06-11,First Class,CUST-0297,Corporate,South,Andhra Pradesh,Visakhapatnam,Technology,Copiers,All-in-One Printer,9,0.4,7190.74,-876.75
ORD-00506,2025-10-25,2025-10-28,Standard Class,CUST-0044,Home Office,East,Jharkhand,Ranchi,Office Supplies,Binders,Clip Binder,7,0.0,892.92,297.75
ORD-01932,2023-06-22,2023-06-27,Same Day,CUST-0262,Consumer,Central,Madhya Pradesh,Indore,Technology,Accessories,USB Cable,5,0.0,1830.74,358.29
ORD-00322,2024-04-28,2024-05-02,First Class,CUST-0028,Home Office,South,Tamil Nadu,Coimbatore,Furniture,Tables,Computer Desk,8,0.4,4908.74,252.8
ORD-01479,2023-07-10,2023-07-14,Standard Class,CUST-0362,Consumer,West,Maharashtra,Mumbai,Furniture,Tables,Coffee Table,4,0.0,3384.52,-66.82
ORD-01262,2024-05-22,2024-05-29,Same Day,CUST-0254,Consumer,East,Jharkhand,Ranchi,Furniture,Tables,Conference Table,4,0.2,3274.13,401.42
ORD-01168,2025-03-11,2025-03-13,Second Class,CUST-0177,Corporate,North,Haryana,Gurgaon,Office Supplies,Storage,Plastic Drawer,6,0.2,410.58,27.84
ORD-00622,2024-01-11,2024-01-17,First Class,CUST-0025,Home Office,Central,Madhya Pradesh,Bhopal,Furniture,Bookcases,Glass Bookcase,8,0.15,2987.91,466.69
ORD-01914,2023-11-20,2023-11-21,Second Class,CUST-0334,Home Office,South,Kerala,Kochi,Office Supplies,Paper,A4 Copy Paper,9,0.4,958.14,60.63
ORD-01917,2025-12-25,2025-12-30,Second Class,CUST-0196,Home Office,South,Karnataka,Mysore,Office Supplies,Paper,Notebook,9,0.0,286.79,28.9
ORD-00123,2024-10-20,2024-10-27,First Class,CUST-0212,Consumer,East,Jharkhand,Ranchi,Technology,Machines,Label Maker,5,0.4,2577.98,-254.57
ORD-01989,2024-09-19,2024-09-25,Same Day,CUST-0290,Home Office,West,Goa,Panaji,Technology,Accessories,Power Bank,9,0.0,9351.06,-219.79
ORD-00511,2025-09-25,2025-09-26,Second Class,CUST-0072,Corporate,South,Kerala,Kochi,Office Supplies,Art,Sketch Pad,5,0.15,641.61,97.25
ORD-00281,2023-02-19,2023-02-26,Standard Class,CUST-0125,Home Office,East,Odisha,Bhubaneswar,Technology,Copiers,Desktop Copier,8,0.2,2102.88,-222.22
ORD-01751,2023-04-05,2023-04-06,Second Class,CUST-0021,Corporate,North,Uttar Pradesh,Lucknow,Office Supplies,Labels,Address Labels,3,0.2,268.83,79.47
ORD-01732,2025-09-28,2025-09-29,Standard Class,CUST-0058,Consumer,East,West Bengal,Howrah,Furniture,Chairs,Mesh Office Chair,9,,6269.7,302.8
ORD-01389,2024-11-27,2024-11-28,Standard Class,CUST-0080,Consumer,East,Odisha,Bhubaneswar,Technology,Copiers,Desktop Copier,3,0.2,1936.89,241.86
ORD-00994,2024-07-15,2024-07-22,Second Class,CUST-0286,Home Office,West,Gujarat,Surat,Office Supplies,Paper,A4 Copy Paper,2,0.3,269.44,11.45
ORD-01034,2025-01-07,2025-01-12,Same Day,CUST-0184,Consumer,Central,Madhya Pradesh,Bhopal,Technology,Accessories,USB Cable,3,0.0,324.94,60.69
ORD-01187,2025-03-11,2025-03-16,Standard Class,CUST-0126,Home Office,North,Uttar Pradesh,Kanpur,Technology,Copiers,All-in-One Printer,8,0.4,513.3,-2.68
ORD-00678,2024-01-31,2024-02-07,Same Day,CUST-0126,Home Office,South,Andhra Pradesh,Visakhapatnam,Technology,Accessories,Wireless Mouse,8,0.15,3217.45,325.09
ORD-00519,2024-01-26,2024-01-28,First Class,CUST-0188,Corporate,West,Maharashtra,Mumbai,Technology,Machines,Label Maker,8,0.0,7031.08,1298.23
ORD-01351,2025-10-21,2025-10-27,Standard Class,CUST-0213,Consumer,West,Gujarat,Ahmedabad,Office Supplies,Binders,Clip Binder,9,0.1,759.5,194.14
ORD-01512,2024-09-13,2024-09-19,Second Class,CUST-0160,Home Office,North,Punjab,Amritsar,Office Supplies,Storage,Plastic Drawer,2,0.1,106.79,33.4
ORD-00068,2023-03-04,2023-03-05,Standard Class,CUST-0346,Consumer,Central,Madhya Pradesh,Indore,Office Supplies,Art,Sketch Pad,3,0.0,328.89,31.8
ORD-00333,2024-03-09,2024-03-16,Standard Class,CUST-0158,Consumer,Central,Chhattisgarh,Raipur,Technology,Accessories,USB Cable,1,0.0,71.92,-6.78
ORD-00569,2023-10-12,2023-10-13,First Class,CUST-0039,Corporate,East,Jharkhand,Ranchi,Furniture,Chairs,Mesh Office Chair,6,0.0,4495.45,67.08
ORD-01174,2023-09-16,2023-09-23,Second Class,CUST-0142,Consumer,West,Gujarat,Surat,Office Supplies,Binders,View Binder,7,0.2,704.2,172.49
ORD-01199,2025-05-06,2025-05-12,Same Day,CUST-0256,Home Office,North,Haryana,Faridabad,Office Supplies,Storage,Storage Box,6,0.4,528.82,59.28
ORD-01434,2025-11-04,2025-11-08,Standard Class,CUST-0197,Consumer,North,Uttar Pradesh,Noida,Furniture,Chairs,Ergonomic Chair,10,0.1,3517.18,112.62
ORD-01075,2025-08-25,2025-09-01,Standard Class,CUST-0015,Consumer,Central,Madhya Pradesh,Bhopal,Furniture,Tables,Round Meeting Table,1,0.3,297.98,36.42
ORD-00473,2024-02-23,2024-02-25,Second Class,CUST-0140,Corporate,Central,Madhya Pradesh,Indore,Technology,Copiers,All-in-One Printer,3,0.1,735.94,196.56
ORD-01511,2024-02-05,2024-02-08,Standard Class,CUST-0296,Home Office,West,Rajasthan,Jaipur,Office Supplies,Paper,Notebook,9,0.0,520.91,120.17
ORD-00512,2025-06-07,2025-06-08,First Class,CUST-0061,Corporate,East,Odisha,Bhubaneswar,Furniture,Bookcases,Wooden Bookcase,3,0.0,1210.58,141.09
ORD-00478,2023-10-30,2023-11-02,Standard Class,CUST-0266,Consumer,Central,Chhattisgarh,Raipur,Office Supplies,Paper,Notebook,10,0.0,1270.2,412.9
ORD-01428,2025-05-24,2025-05-28,First Class,CUST-0013,Consumer,North,Uttar Pradesh,Noida,Office Supplies,Paper,Notebook,9,0.1,1256.58,235.97
ORD-01402,2025-02-19,2025-02-20,Second Class,CUST-0013,Home Office,Central,Madhya Pradesh,Indore,Office Supplies,Binders,View Binder,4,0.15,490.92,51.95
ORD-00319,2025-12-07,2025-12-12,Same Day,CUST-0294,Home Office,North,Punjab,Amritsar,Technology,Phones,Phone Case,9,0.2,936.44,38.97
ORD-00956,2025-05-17,2025-05-22,Standard Class,CUST-0210,Corporate,North,Delhi,New Delhi,Technology,Machines,Label Maker,2,0.2,1650.19,-101.99
ORD-01720,2023-06-24,2023-06-26,Standard Class,CUST-0165,Home Office,North,Punjab,Ludhiana,Technology,Phones,Phone Case,2,0.3,1134.99,-20.04
ORD-01202,2025-01-31,2025-02-01,Standard Class,CUST-0093,Home Office,East,Bihar,Patna,Technology,Accessories,USB Cable,6,0.0,3231.34,-91.55
ORD-00582,2024-06-27,2024-07-03,First Class,CUST-0148,Consumer,East,Bihar,Patna,Technology,Copiers,All-in-One Printer,5,0.0,4285.55,1231.07
ORD-00133,2025-11-15,2025-11-19,Second Class,CUST-0293,Home Office,North,Delhi,New Delhi,Office Supplies,Labels,Address Labels,10,0.15,497.0,126.11
ORD-01726,2025-01-12,2025-01-18,Standard Class,CUST-0295,Corporate,South,Karnataka,Bangalore,Furniture,Bookcases,Metal Bookcase,1,0.3,622.59,-32.13
ORD-01006,2024-08-24,2024-08-27,Standard Class,CUST-0033,Home Office,West,Maharashtra,Pune,Office Supplies,Labels,Address Labels,1,0.2,23.99,0.24
ORD-01940,2023-11-18,2023-11-21,Same Day,CUST-0337,Corporate,West,Maharashtra,Nagpur,Office Supplies,Storage,Storage Box,1,0.3,22.31,3.57
ORD-01791,2023-05-10,2023-05-15,Standard Class,CUST-0220,Consumer,North,Delhi,New Delhi,Technology,Accessories,Wireless Mouse,4,0.5,2452.33,407.36
ORD-01953,2024-06-01,2024-06-05,Standard Class,CUST-0112,Consumer,North,Uttar Pradesh,Kanpur,Furniture,Furnishings,Wall Clock,6,0.4,3316.43,-185.18
ORD-00369,2024-02-12,2024-02-15,Same Day,CUST-0262,Corporate,South,Andhra Pradesh,Vijayawada,Furniture,Furnishings,Photo Frame,5,0.3,3217.53,-67.49
ORD-00733,2025-12-20,2025-12-24,Same Day,CUST-0209,Corporate,South,Karnataka,Bangalore,Technology,Accessories,Wireless Mouse,1,0.0,187.43,33.81
ORD-01211,2025-10-29,2025-11-05,Standard Class,CUST-0178,Home Office,Central,Chhattisgarh,Raipur,Technology,Accessories,Wireless Mouse,4,0.0,1332.93,299.56
ORD-00126,2024-04-18,2024-04-19,Same Day,CUST-0007,Consumer,South,Tamil Nadu,Chennai,Technology,Copiers,All-in-One Printer,1,0.4,667.92,21.96
ORD-00858,2025-12-07,2025-12-10,Same Day,CUST-0297,Corporate,Central,Madhya Pradesh,Indore,Technology,Accessories,USB Cable,7,0.5,1614.49,305.93
ORD-01042,2025-04-14,2025-04-16,Same Day,CUST-0096,Corporate,South,Kerala,Kochi,Technology,Copiers,All-in-One Printer,4,0.0,1301.34,16.52
ORD-00257,2025-03-20,2025-03-23,Same Day,CUST-0281,Consumer,West,Rajasthan,Udaipur,Office Supplies,Paper,A4 Copy Paper,1,0.0,39.02,6.6
ORD-01970,2025-05-28,2025-05-31,First Class,CUST-0183,Home Office,North,Uttar Pradesh,Kanpur,Furniture,Furnishings,Cushion,4,0.15,1729.32,110.24
ORD-01549,2025-09-28,2025-10-03,Same Day,CUST-0228,Corporate,West,Gujarat,Surat,Office Supplies,Binders,Clip Binder,3,0.1,351.32,91.76
ORD-00290,2023-12-02,2023-12-04,Same Day,CUST-0353,Corporate,South,Tamil Nadu,Coimbatore,Furniture,Bookcases,Metal Bookcase,4,0.0,2754.96,-15.79
ORD-01284,2024-10-17,2024-10-23,First Class,CUST-0368,Corporate,West,Maharashtra,Pune,Technology,Copiers,Desktop Copier,10,0.5,6710.19,-175.2
ORD-00778,2025-09-04,2025-09-07,Standard Class,CUST-0262,Consumer,South,Kerala,Trivandrum,Technology,Phones,Phone Case,7,0.0,2979.21,603.58
ORD-00082,2024-12-16,2024-12-17,Second Class,CUST-0020,Corporate,West,Maharashtra,Pune,Technology,Machines,Laminator,7,0.0,576.91,124.93
ORD-00054,2024-02-12,2024-02-16,Standard Class,CUST-0311,Home Office,West,Maharashtra,Mumbai,Office Supplies,Labels,Shipping Labels,10,0.3,968.2,154.7
ORD-01600,2024-07-21,2024-07-24,Same Day,CUST-0120,Corporate,South,Karnataka,Mysore,Furniture,Furnishings,Wall Clock,6,0.5,2317.81,-290.53
ORD-01480,2024-09-17,2024-09-19,Standard Class,CUST-0333,Corporate,South,Karnataka,Mysore,Furniture,Tables,Round Meeting Table,7,0.3,4028.65,-128.24
ORD-00558,2023-02-21,2023-02-27,Second Class,CUST-0322,Consumer,South,Andhra Pradesh,Visakhapatnam,Furniture,Tables,Computer Desk,5,0.3,1087.18,89.8
ORD-00041,2024-03-08,2024-03-11,Same Day,CUST-0037,Home Office,North,Punjab,Ludhiana,Furniture,Chairs,Mesh Office Chair,1,0.0,414.98,3.27
ORD-01715,2024-11-08,2024-11-10,Standard Class,CUST-0160,Home Office,East,Bihar,Patna,Furniture,Chairs,Mesh Office Chair,8,0.0,2087.31,183.03
ORD-00262,2024-07-10,2024-07-13,Second Class,CUST-0026,Home Office,Central,Chhattisgarh,Raipur,Furniture,Chairs,Mesh Office Chair,3,0.15,909.55,86.51
ORD-00993,2023-09-10,2023-09-12,Second Class,CUST-0246,Consumer,Central,Chhattisgarh,Raipur,Technology,Copiers,All-in-One Printer,10,0.0,10675.19,987.42
ORD-00913,2023-12-15,2023-12-17,First Class,CUST-0377,Corporate,North,Delhi,New Delhi,Technology,Phones,Cordless Phone,10,0.15,7377.43,-452.62
ORD-00084,2025-05-09,2025-05-15,Standard Class,CUST-0269,Corporate,Central,Chhattisgarh,Raipur,Furniture,Furnishings,Table Lamp,9,0.0,4963.85,514.76
ORD-01122,2024-09-17,2024-09-19,Standard Class,CUST-0186,Corporate,East,Odisha,Bhubaneswar,Furniture,Furnishings,Table Lamp,9,0.0,3138.37,-113.97
ORD-00448,2024-11-24,2024-11-26,Second Class,CUST-0098,Consumer,East,Jharkhand,Ranchi,Office Supplies,Storage,Plastic Drawer,3,0.3,400.44,3.85
ORD-01554,2025-12-07,2025-12-11,Same Day,CUST-0329,Home Office,West,Maharashtra,Mumbai,Furniture,Tables,Computer Desk,3,0.0,425.87,64.42
ORD-00825,2024-09-05,2024-09-08,Standard Class,CUST-0117,Corporate,North,Haryana,Faridabad,Furniture,Chairs,Mesh Office Chair,7,0.0,5008.91,562.34
ORD-00031,2025-02-15,2025-02-18,Standard Class,CUST-0400,Home Office,South,Andhra Pradesh,Visakhapatnam,Office Supplies,Art,Sketch Pad,7,0.5,100.41,23.65
ORD-00514,2025-05-29,2025-06-03,First Class,CUST-0359,Consumer,North,Uttar Pradesh,Noida,Office Supplies,Storage,File Cabinet,2,0.5,69.57,2.39
ORD-01082,2023-01-21,2023-01-23,Same Day,CUST-0219,Consumer,North,Punjab,Ludhiana,Office Supplies,Art,Sketch Pad,8,0.3,767.15,76.38
ORD-01298,2025-12-23,2025-12-29,Second Class,CUST-0105,Corporate,East,Jharkhand,Ranchi,Furniture,Tables,Conference Table,7,0.0,4664.86,754.83
ORD-01676,2023-03-10,2023-03-15,Second Class,CUST-0215,Corporate,South,Kerala,Trivandrum,Office Supplies,Storage,Plastic Drawer,8,0.0,88.61,7.45
ORD-01023,2025-03-03,2025-03-09,First Class,CUST-0116,Consumer,West,Goa,Panaji,Furniture,Tables,Coffee Table,9,0.1,2610.15,249.41
ORD-01222,2025-07-04,2025-07-06,Second Class,CUST-0305,Consumer,Central,Chhattisgarh,Raipur,Technology,Machines,Laminator,1,0.1,933.0,100.66
ORD-01306,2024-03-11,2024-03-14,First Class,CUST-0057,Consumer,Central,Madhya Pradesh,Indore,Technology,Phones,Phone Case,8,0.4,7794.62,1683.74
ORD-01594,2024-06-19,2024-06-24,Second Class,CUST-0056,Home Office,South,Tamil Nadu,Chennai,Office Supplies,Labels,Address Labels,1,0.0,17.26,4.38
ORD-01589,2025-06-27,2025-06-28,Second Class,CUST-0299,Corporate,East,Odisha,Bhubaneswar,Office Supplies,Storage,File Cabinet,5,0.15,100.52,11.03
ORD-00857,2023-08-07,2023-08-10,Second Class,CUST-0209,Consumer,South,Karnataka,Bangalore,Office Supplies,Paper,A4 Copy Paper,10,0.4,176.54,32.21
ORD-01835,2023-10-28,2023-11-04,Same Day,CUST-0154,Home Office,North,Haryana,Gurgaon,Furniture,Chairs,Executive Leather Chair,3,0.5,1517.74,-185.86
ORD-01875,2025-04-02,2025-04-07,Same Day,CUST-0145,Consumer,Central,Chhattisgarh,Raipur,Office Supplies,Paper,Sticky Notes,2,0.0,139.63,17.28
ORD-00049,2025-02-11,2025-02-15,Second Class,CUST-0254,Consumer,East,Odisha,Bhubaneswar,Technology,Copiers,Desktop Copier,7,0.3,5484.65,923.06
ORD-01997,2023-05-01,2023-05-07,Same Day,CUST-0097,Consumer,North,Punjab,Amritsar,Furniture,Tables,Round Meeting Table,7,0.2,1376.73,49.65
ORD-01856,2025-01-16,2025-01-19,Second Class,CUST-0105,Corporate,Central,Madhya Pradesh,Indore,Office Supplies,Storage,Plastic Drawer,6,0.0,346.27,61.36
ORD-00468,2023-12-22,2023-12-23,Same Day,CUST-0053,Home Office,West,Rajasthan,Jaipur,Office Supplies,Paper,Sticky Notes,4,0.2,463.18,127.67
ORD-00154,2025-09-05,2025-09-06,Standard Class,CUST-0313,Home Office,South,Andhra Pradesh,Vijayawada,Technology,Phones,Smartphone X200,6,0.0,2940.78,-213.6
ORD-01951,2025-06-08,2025-06-10,Same Day,CUST-0011,Home Office,West,Rajasthan,Udaipur,Furniture,Furnishings,Photo Frame,10,0.2,2508.42,340.65
ORD-01962,2024-03-05,2024-03-12,Second Class,CUST-0351,Home Office,South,Andhra Pradesh,Visakhapatnam,Furniture,Chairs,Mesh Office Chair,10,0.0,4705.94,637.75
ORD-00395,2023-11-01,2023-11-02,Same Day,CUST-0253,Consumer,South,Karnataka,Bangalore,Office Supplies,Storage,Storage Box,8,0.0,1194.43,414.04
ORD-00124,2024-03-29,2024-04-04,First Class,CUST-0391,Corporate,South,Tamil Nadu,Coimbatore,Technology,Copiers,All-in-One Printer,3,0.1,2052.3,315.93
ORD-00356,2023-12-02,2023-12-09,Standard Class,CUST-0004,Corporate,West,Goa,Panaji,Technology,Phones,Smartphone X200,4,0.2,2459.4,399.52
ORD-00135,2025-10-12,2025-10-17,Second Class,CUST-0154,Corporate,Central,Madhya Pradesh,Indore,Furniture,Tables,Conference Table,1,0.2,806.55,16.18
ORD-00269,2024-01-18,2024-01-23,Same Day,CUST-0376,Consumer,East,Bihar,Patna,Office Supplies,Labels,Address Labels,2,0.5,119.27,-5.94
ORD-00386,2025-04-12,2025-04-19,First Class,CUST-0216,Home Office,North,Haryana,Gurgaon,Office Supplies,Art,Color Pencils,7,0.0,372.71,96.73
ORD-00610,2025-03-05,2025-03-11,Second Class,CUST-0395,Home Office,East,Jharkhand,Ranchi,Technology,Machines,Laminator,7,0.0,2267.73,22.13
ORD-00221,2024-01-12,2024-01-17,Same Day,CUST-0288,Home Office,North,Punjab,Amritsar,Technology,Copiers,Desktop Copier,6,0.2,2434.6,261.26
ORD-00042,2024-04-23,2024-04-26,Same Day,CUST-0064,Corporate,Central,Madhya Pradesh,Indore,Furniture,Tables,Computer Desk,5,0.15,3618.67,248.82
ORD-00220,2023-01-12,2023-01-15,First Class,CUST-0270,Consumer,West,Gujarat,Ahmedabad,Furniture,Bookcases,Glass Bookcase,1,0.15,682.25,29.09
ORD-00598,2023-10-15,2023-10-16,Second Class,CUST-0035,Corporate,East,Jharkhand,Ranchi,Office Supplies,Paper,Notebook,9,0.4,995.53,76.6
ORD-01845,2023-05-04,2023-05-11,First Class,CUST-0066,Consumer,South,Andhra Pradesh,Vijayawada,Furniture,Chairs,Executive Leather Chair,3,0.0,2371.3,212.48
ORD-01248,2023-01-05,2023-01-09,Standard Class,CUST-0326,Consumer,Central,Madhya Pradesh,Indore,Furniture,Tables,Coffee Table,7,0.0,2809.58,450.0
ORD-00681,2023-08-01,2023-08-03,Same Day,CUST-0386,Consumer,East,West Bengal,Kolkata,Office Supplies,Art,Color Pencils,6,0.15,230.6,49.03
ORD-01083,2025-09-06,2025-09-11,First Class,CUST-0250,Consumer,Central,Chhattisgarh,Raipur,Furniture,Chairs,Mesh Office Chair,5,0.0,3031.2,538.22
ORD-01909,2023-07-30,2023-08-05,Second Class,CUST-0298,Consumer,East,Odisha,Bhubaneswar,Technology,Phones,Cordless Phone,2,0.5,508.06,-20.98
ORD-00859,2024-07-05,2024-07-07,Standard Class,CUST-0344,Consumer,Central,Madhya Pradesh,Indore,Office Supplies,Labels,Shipping Labels,1,0.15,60.93,11.76
ORD-00542,2024-03-17,2024-03-24,Second Class,CUST-0291,Home Office,South,Karnataka,Mysore,Office Supplies,Paper,Sticky Notes,5,0.3,587.46,169.84
ORD-01051,2025-08-05,2025-08-09,First Class,CUST-0079,Corporate,South,Andhra Pradesh,Visakhapatnam,Technology,Machines,Label Maker,4,0.0,1481.82,304.18
ORD-01582,2023-08-20,2023-08-24,Standard Class,CUST-0092,Home Office,Central,Chhattisgarh,Raipur,Office Supplies,Binders,Clip Binder,1,0.5,97.95,-4.77
ORD-01369,2023-03-24,2023-03-31,Same Day,CUST-0087,Consumer,Central,Chhattisgarh,Raipur,Furniture,Chairs,Ergonomic Chair,7,0.0,3668.18,262.15
ORD-01883,2024-04-22,2024-04-26,Second Class,CUST-0283,Home Office,West,Maharashtra,Nagpur,Technology,Accessories,USB Cable,8,0.0,2879.9,522.72
ORD-01079,2025-05-01,2025-05-06,Same Day,CUST-0225,Corporate,West,Maharashtra,Mumbai,Technology,Machines,Calculator,3,0.0,2748.76,-176.28
ORD-01132,2023-07-22,2023-07-29,Same Day,CUST-0275,Consumer,East,Odisha,Bhubaneswar,Office Supplies,Paper,Notebook,7,0.1,137.14,12.75
ORD-01700,2023-12-06,2023-12-07,Second Class,CUST-0337,Corporate,South,Kerala,Trivandrum,Furniture,Tables,Round Meeting Table,8,0.5,4576.64,-676.98
ORD-00998,2023-06-24,2023-06-29,Second Class,CUST-0376,Consumer,Central,Madhya Pradesh,Indore,Office Supplies,Art,Color Pencils,3,0.2,140.59,34.73
ORD-01476,2023-05-17,2023-05-23,Standard Class,CUST-0107,Home Office,East,Jharkhand,Ranchi,Furniture,Chairs,Mesh Office Chair,4,0.3,1502.48,-77.65
ORD-01579,2025-01-11,2025-01-14,Same Day,CUST-0282,Home Office,East,Odisha,Bhubaneswar,Office Supplies,Paper,Sticky Notes,7,0.2,321.69,49.51
ORD-01824,2024-05-27,2024-06-03,Second Class,CUST-0199,Corporate,West,Maharashtra,Pune,Technology,Phones,Cordless Phone,8,0.4,568.66,2.68
ORD-01788,2023-11-30,2023-12-07,Second Class,CUST-0070,Consumer,Central,Chhattisgarh,Raipur,Office Supplies,Binders,View Binder,7,0.0,1012.28,109.75
ORD-01576,2023-12-10,2023-12-13,Standard Class,CUST-0194,Home Office,South,Karnataka,Bangalore,Furniture,Tables,Round Meeting Table,3,0.15,735.89,10.87
ORD-01823,2023-01-01,2023-01-04,Same Day,CUST-0050,Corporate,East,Odisha,Bhubaneswar,Office Supplies,Storage,File Cabinet,10,0.0,158.15,48.9
ORD-00982,2025-01-15,2025-01-19,First Class,CUST-0208,Corporate,West,Rajasthan,Jaipur,Technology,Copiers,All-in-One Printer,6,0.0,3794.31,807.78
ORD-01420,2024-05-11,2024-05-17,First Class,CUST-0075,Home Office,Central,Chhattisgarh,Raipur,Office Supplies,Paper,A4 Copy Paper,1,0.4,16.09,3.46
ORD-01455,2023-04-26,2023-04-29,Second Class,CUST-0382,Corporate,East,Bihar,Patna,Furniture,Tables,Round Meeting Table,3,0.1,2084.76,146.17
ORD-00337,2023-03-19,2023-03-24,Second Class,CUST-0238,Home Office,South,Andhra Pradesh,Vijayawada,Technology,Machines,Label Maker,7,0.5,1101.55,159.83
ORD-00233,2025-09-17,2025-09-20,Standard Class,CUST-0333,Corporate,North,Punjab,Amritsar,Furniture,Chairs,Folding Chair,6,0.2,1533.49,10.77
ORD-01009,2023-05-15,2023-05-16,Standard Class,CUST-0381,Corporate,East,West Bengal,Kolkata,Furniture,Bookcases,Wooden Bookcase,10,0.0,2259.6,64.95
ORD-01424,2023-04-02,2023-04-04,Second Class,CUST-0325,Corporate,Central,Madhya Pradesh,Indore,Technology,Machines,Laminator,6,0.0,5516.39,1486.03
ORD-00159,2023-11-15,2023-11-20,Second Class,CUST-0062,Consumer,East,Jharkhand,Ranchi,Office Supplies,Art,Color Pencils,4,0.4,61.6,-0.83
ORD-00469,2023-12-18,2023-12-21,Same Day,CUST-0196,Home Office,North,Haryana,Faridabad,Technology,Accessories,Keyboard,3,0.4,1097.35,202.84
ORD-00883,2023-05-05,2023-05-08,Same Day,CUST-0256,Consumer,North,Delhi,New Delhi,Office Supplies,Labels,Address Labels,9,0.15,963.36,205.32
ORD-01620,2025-11-23,2025-11-30,First Class,CUST-0395,Corporate,South,Tamil Nadu,Coimbatore,Furniture,Furnishings,Photo Frame,7,0.0,809.37,3.54
ORD-01035,2023-07-31,2023-08-02,Second Class,CUST-0226,Corporate,East,Odisha,Bhubaneswar,Furniture,Chairs,Ergonomic Chair,6,0.0,4840.77,583.53
ORD-01133,2023-06-17,2023-06-22,First Class,CUST-0162,Consumer,South,Andhra Pradesh,Vijayawada,Office Supplies,Storage,Plastic Drawer,1,0.0,8.29,1.52
ORD-01127,2023-08-08,2023-08-11,First Class,CUST-0115,Consumer,West,Goa,Panaji,Office Supplies,Storage,File Cabinet,8,0.0,595.86,100.85
ORD-00586,2023-10-13,2023-10-19,Same Day,CUST-0050,Consumer,South,Kerala,Kochi,Office Supplies,Labels,Address Labels,5,0.4,211.7,17.53
ORD-00206,2023-12-16,2023-12-19,Same Day,CUST-0333,Consumer,East,Jharkhand,Ranchi,Technology,Phones,Cordless Phone,6,0.15,6627.64,406.26
ORD-00004,2024-12-28,2024-12-30,Standard Class,CUST-0118,Consumer,East,West Bengal,Kolkata,Technology,Accessories,Wireless Mouse,8,0.5,5344.8,573.63
ORD-00888,2023-04-28,2023-05-05,Standard Class,CUST-0047,Consumer,East,Odisha,Bhubaneswar,Furniture,Tables,Conference Table,4,0.0,3037.56,147.87
ORD-01786,2023-07-09,2023-07-12,First Class,CUST-0173,Consumer,Central,Madhya Pradesh,Indore,Technology,Phones,Phone Case,5,0.3,834.13,-121.39
ORD-01448,2025-10-08,2025-10-09,Second Class,CUST-0347,Consumer,East,Bihar,Patna,Technology,Machines,Calculator,10,0.0,11053.38,746.2
ORD-01846,2023-06-10,2023-06-16,First Class,CUST-0153,Home Office,Central,Madhya Pradesh,Bhopal,Technology,Copiers,Desktop Copier,1,0.0,949.03,-73.68
ORD-01150,2024-09-17,2024-09-21,Standard Class,CUST-0305,Corporate,Central,Chhattisgarh,Raipur,Technology,Copiers,Desktop Copier,1,0.0,509.26,107.77
ORD-01110,2025-08-31,2025-09-02,Same Day,CUST-0131,Home Office,Central,Chhattisgarh,Raipur,Technology,Machines,Laminator,8,0.0,598.66,13.65
ORD-00694,2023-02-18,2023-02-21,Same Day,CUST-0024,Home Office,West,Goa,Panaji,Technology,Accessories,Wireless Mouse,10,0.1,1676.74,430.25
ORD-01674,2025-04-17,2025-04-22,Second Class,CUST-0082,Corporate,Central,Chhattisgarh,Raipur,Technology,Machines,Calculator,1,0.0,929.73,53.03
ORD-01655,2023-07-07,2023-07-13,Standard Class,CUST-0007,Consumer,North,Delhi,New Delhi,Furniture,Chairs,Executive Leather Chair,10,0.0,3289.31,-58.53
ORD-00715,2024-03-30,2024-04-06,Second Class,CUST-0385,Home Office,North,Punjab,Amritsar,Technology,Accessories,USB Cable,9,0.5,8715.17,628.88
ORD-00952,2023-04-21,2023-04-25,Standard Class,CUST-0212,Consumer,North,Haryana,Gurgaon,Office Supplies,Paper,Notebook,8,0.4,205.01,53.14
ORD-01584,2023-05-20,2023-05-21,Same Day,CUST-0029,Corporate,East,Jharkhand,Ranchi,Furniture,Furnishings,Cushion,1,0.4,633.19,-42.29
ORD-01700,2023-12-06,2023-12-07,Second Class,CUST-0337,Corporate,South,Kerala,Trivandrum,Furniture,Tables,Round Meeting Table,8,0.5,4576.64,-676.98
ORD-00884,2025-11-22,2025-11-24,First Class,CUST-0209,Corporate,West,Gujarat,Ahmedabad,Office Supplies,Storage,Storage Box,3,0.15,73.11,12.91
ORD-01645,2025-06-08,2025-06-11,Same Day,CUST-0053,Consumer,North,Punjab,Ludhiana,Furniture,Chairs,Mesh Office Chair,3,0.0,2644.68,453.24
ORD-01621,2025-09-22,2025-09-28,First Class,CUST-0080,Consumer,Central,Madhya Pradesh,Indore,Furniture,Furnishings,Table Lamp,6,0.5,995.72,52.35
ORD-01114,2024-11-06,2024-11-10,Second Class,CUST-0024,Home Office,East,Odisha,Bhubaneswar,Office Supplies,Binders,View Binder,6,0.4,689.02,168.51
ORD-01204,2025-03-30,2025-04-01,Second Class,CUST-0058,Corporate,West,Maharashtra,Pune,Technology,Phones,Smartphone X200,5,0.4,2311.14,-67.73
ORD-01063,2024-10-19,2024-10-23,Same Day,CUST-0050,Consumer,Central,Chhattisgarh,Raipur,Furniture,Chairs,Ergonomic Chair,1,0.0,745.19,86.94
ORD-00158,2023-01-29,2023-02-01,Standard Class,CUST-0262,Consumer,South,Tamil Nadu,Chennai,Office Supplies,Labels,Shipping Labels,9,0.5,508.1,-2.13
ORD-01057,2024-03-31,2024-04-05,Second Class,CUST-0111,Home Office,Central,Madhya Pradesh,Bhopal,Office Supplies,Art,Color Pencils,5,0.1,205.88,52.73
ORD-00524,2023-01-22,2023-01-29,First Class,CUST-0321,Home Office,East,Odisha,Bhubaneswar,Furniture,Bookcases,Wooden Bookcase,9,0.0,5571.0,727.85
ORD-00463,2023-09-06,2023-09-09,Same Day,CUST-0020,Consumer,North,Delhi,New Delhi,Office Supplies,Art,Marker Set,5,0.4,50.48,9.78
ORD-00653,2023-06-26,2023-06-28,Same Day,CUST-0362,Corporate,East,West Bengal,Kolkata,Furniture,Tables,Conference Table,8,0.1,1137.97,132.97
ORD-00161,2024-06-22,2024-06-28,Standard Class,CUST-0117,Home Office,Central,Madhya Pradesh,Indore,Office Supplies,Labels,Shipping Labels,1,0.15,83.27,24.01
ORD-00306,2023-03-16,2023-03-20,First Class,CUST-0328,Consumer,West,Maharashtra,Mumbai,Office Supplies,Binders,View Binder,10,0.0,533.27,132.09
ORD-00657,2023-01-17,2023-01-19,Same Day,CUST-0375,Corporate,West,Goa,Panaji,Office Supplies,Binders,3-Ring Binder,6,0.0,436.15,102.49
ORD-00548,2024-03-13,2024-03-14,Second Class,CUST-0343,Corporate,South,Tamil Nadu,Madurai,Office Supplies,Storage,File Cabinet,3,0.15,43.1,6.7
ORD-00714,2023-09-16,2023-09-17,Second Class,CUST-0073,Home Office,South,Andhra Pradesh,Vijayawada,Furniture,Bookcases,Wooden Bookcase,6,0.0,1990.59,381.34
ORD-00396,2023-10-31,2023-11-01,Second Class,CUST-0214,Consumer,East,West Bengal,Kolkata,Office Supplies,Paper,A4 Copy Paper,9,0.1,756.64,243.25
ORD-00784,2024-02-26,2024-02-28,Second Class,CUST-0171,Consumer,Central,Chhattisgarh,Raipur,Technology,Machines,Label Maker,8,0.15,5362.31,-670.59
ORD-00400,2023-09-26,2023-09-29,Same Day,CUST-0048,Consumer,North,Haryana,Gurgaon,Office Supplies,Art,Sketch Pad,8,0.3,670.12,116.71
ORD-00799,2023-04-10,2023-04-13,Second Class,CUST-0003,Corporate,Central,Madhya Pradesh,Indore,Furniture,Furnishings,Cushion,3,0.0,337.95,64.93
ORD-00619,2025-04-14,2025-04-20,Same Day,CUST-0008,Consumer,Central,Madhya Pradesh,Indore,Office Supplies,Storage,File Cabinet,2,0.4,116.24,23.46
ORD-01544,2025-09-26,2025-09-29,Standard Class,CUST-0397,Home Office,North,Uttar Pradesh,Kanpur,Office Supplies,Storage,File Cabinet,4,0.0,202.16,68.74
ORD-00509,2023-08-20,2023-08-23,Standard Class,CUST-0238,Home Office,South,Tamil Nadu,Coimbatore,Office Supplies,Art,Sketch Pad,5,0.1,543.27,167.73
ORD-01376,2025-04-04,2025-04-09,Second Class,CUST-0295,Home Office,Central,Madhya Pradesh,Indore,Office Supplies,Labels,Shipping Labels,6,0.15,680.24,17.86
ORD-00737,2025-06-30,2025-07-01,First Class,CUST-0233,Home Office,Central,Madhya Pradesh,Bhopal,Office Supplies,Storage,Storage Box,6,0.0,543.39,125.55
ORD-01169,2023-02-05,2023-02-06,First Class,CUST-0178,Home Office,East,West Bengal,Kolkata,Technology,Phones,Phone Case,3,0.3,1859.93,287.4
ORD-01677,2024-06-27,2024-07-04,Standard Class,CUST-0215,Corporate,East,Bihar,Patna,Office Supplies,Binders,3-Ring Binder,2,0.0,82.29,7.76
ORD-00986,2025-01-03,2025-01-07,Second Class,CUST-0377,Corporate,North,Haryana,Faridabad,Furniture,Furnishings,Cushion,3,0.0,1810.94,325.75
ORD-00868,2023-10-08,2023-10-10,Standard Class,CUST-0132,Consumer,West,Maharashtra,Mumbai,Office Supplies,Art,Color Pencils,2,0.0,297.03,33.97
ORD-00460,2023-09-24,2023-10-01,Standard Class,CUST-0205,Home Office,South,Kerala,Trivandrum,Technology,Copiers,Desktop Copier,10,0.4,2494.09,-306.58
ORD-01337,2025-01-09,2025-01-12,Same Day,CUST-0302,Corporate,West,Maharashtra,Pune,Technology,Copiers,All-in-One Printer,10,0.15,1496.62,120.32
ORD-00063,2023-03-05,2023-03-06,First Class,CUST-0196,Home Office,West,Goa,Panaji,Technology,Phones,Cordless Phone,8,0.0,5996.34,804.38
ORD-01832,2024-01-18,2024-01-24,Second Class,CUST-0029,Corporate,Central,Madhya Pradesh,Bhopal,Office Supplies,Labels,Shipping Labels,5,0.15,387.28,11.14
ORD-00872,2023-10-03,2023-10-04,Second Class,CUST-0351,Corporate,North,Punjab,Amritsar,Technology,Machines,Calculator,7,0.4,6691.79,-1110.49
ORD-01885,2024-05-04,2024-05-05,Same Day,CUST-0148,Home Office,North,Delhi,New Delhi,Technology,Machines,Calculator,2,0.1,1320.03,152.52
ORD-01711,2025-03-09,2025-03-14,Same Day,CUST-0047,Home Office,Central,Chhattisgarh,Raipur,Technology,Accessories,Keyboard,8,0.0,809.0,-26.68
ORD-00458,2023-08-11,2023-08-14,First Class,CUST-0106,Consumer,Central,Chhattisgarh,Raipur,Furniture,Tables,Round Meeting Table,9,0.0,2030.95,-6.76
ORD-00955,2023-01-06,2023-01-07,Standard Class,CUST-0251,Consumer,North,Delhi,New Delhi,Technology,Phones,Smartphone X200,4,0.5,3268.79,-292.66
ORD-00479,2025-05-16,2025-05-18,Second Class,CUST-0138,Home Office,West,Rajasthan,Udaipur,Technology,Copiers,All-in-One Printer,7,0.0,7348.81,277.47
ORD-01348,2024-05-19,2024-05-26,Same Day,CUST-0399,Corporate,Central,Madhya Pradesh,Indore,Office Supplies,Storage,Storage Box,5,0.3,677.63,135.11
ORD-01488,2025-09-09,2025-09-16,Second Class,CUST-0003,Consumer,North,Punjab,Amritsar,Technology,Copiers,All-in-One Printer,6,0.4,5361.49,16.96
ORD-00871,2023-12-03,2023-12-04,Same Day,CUST-0116,Home Office,North,Delhi,New Delhi,Furniture,Tables,Computer Desk,4,0.1,2656.75,-54.7
ORD-00791,2023-10-30,2023-11-06,Standard Class,CUST-0176,Home Office,West,Goa,Panaji,Office Supplies,Binders,View Binder,5,0.4,234.33,30.88
ORD-00618,2024-04-17,2024-04-21,Second Class,CUST-0276,Consumer,East,West Bengal,Kolkata,Office Supplies,Art,Sketch Pad,2,0.4,137.84,14.43
ORD-01903,2025-01-26,2025-01-30,Standard Class,CUST-0119,Corporate,North,Delhi,New Delhi,Office Supplies,Paper,Sticky Notes,3,0.15,405.16,27.87
ORD-01383,2025-03-14,2025-03-16,Second Class,CUST-0062,Corporate,Central,Madhya Pradesh,Indore,Furniture,Chairs,Ergonomic Chair,5,0.0,4300.24,109.69
ORD-01422,2025-02-11,2025-02-18,Second Class,CUST-0121,Corporate,North,Haryana,Gurgaon,Technology,Phones,Phone Case,6,0.0,3719.0,713.5
ORD-01926,2023-02-03,2023-02-08,Standard Class,CUST-0125,Home Office,Central,Chhattisgarh,Raipur,Furniture,Chairs,Ergonomic Chair,6,0.0,4324.83,-187.32
ORD-01627,2025-08-28,2025-08-30,Same Day,CUST-0002,Home Office,South,Andhra Pradesh,Visakhapatnam,Technology,Copiers,All-in-One Printer,1,0.4,269.15,14.06
ORD-00348,2025-12-27,2025-12-30,Same Day,CUST-0078,Consumer,West,Rajasthan,Jaipur,Furniture,Furnishings,Table Lamp,2,0.0,800.72,-18.14
ORD-01019,2024-03-15,2024-03-22,Same Day,CUST-0305,Home Office,South,Kerala,Trivandrum,Office Supplies,Labels,Shipping Labels,1,0.0,11.35,2.97
ORD-01201,2023-12-27,2023-12-29,Second Class,CUST-0316,Home Office,South,Andhra Pradesh,Vijayawada,Furniture,Chairs,Ergonomic Chair,6,0.4,3242.05,-335.06
ORD-01535,2024-05-10,2024-05-13,Same Day,CUST-0249,Corporate,Central,Chhattisgarh,Raipur,Technology,Copiers,Desktop Copier,6,0.2,5994.55,102.99
ORD-00761,2023-02-09,2023-02-12,First Class,CUST-0283,Consumer,West,Gujarat,Surat,Office Supplies,Art,Marker Set,5,0.3,244.19,22.62
ORD-00447,2024-02-12,2024-02-14,Same Day,CUST-0336,Consumer,East,Odisha,Bhubaneswar,Office Supplies,Paper,Sticky Notes,9,0.15,287.23,7.55
ORD-00651,2023-02-04,2023-02-07,Standard Class,CUST-0089,Corporate,East,Odisha,Bhubaneswar,Technology,Phones,Phone Case,7,0.1,819.59,140.63
ORD-01239,2024-10-06,2024-10-13,Same Day,CUST-0350,Home Office,East,West Bengal,Howrah,Technology,Accessories,Wireless Mouse,2,0.5,1351.67,-228.3
ORD-01799,2025-04-25,2025-04-29,Second Class,CUST-0106,Consumer,North,Delhi,New Delhi,Office Supplies,Art,Marker Set,8,0.0,992.96,158.06
ORD-00380,2025-04-24,2025-04-27,Standard Class,CUST-0104,Consumer,East,Odisha,Bhubaneswar,Technology,Accessories,Power Bank,4,0.15,1269.86,56.45
ORD-00565,2023-09-08,2023-09-09,Standard Class,CUST-0294,Home Office,East,West Bengal,Howrah,Furniture,Furnishings,Cushion,4,0.5,1837.85,-175.76
ORD-01740,2024-01-30,2024-02-01,First Class,CUST-0051,Corporate,South,Tamil Nadu,Chennai,Office Supplies,Paper,Sticky Notes,5,0.15,383.14,92.5
ORD-01743,2025-03-02,2025-03-03,Same Day,CUST-0257,Consumer,South,Andhra Pradesh,Vijayawada,Furniture,Tables,Coffee Table,1,0.15,689.33,10.18
ORD-01830,2024-06-01,2024-06-08,Same Day,CUST-0162,Consumer,East,West Bengal,Kolkata,Office Supplies,Binders,Clip Binder,4,0.5,100.64,15.48
ORD-01923,2024-12-29,2025-01-04,Same Day,CUST-0258,Corporate,Central,Madhya Pradesh,Indore,Technology,Phones,Cordless Phone,2,,2219.63,150.77
ORD-00968,2023-06-22,2023-06-24,First Class,CUST-0118,Home Office,Central,Chhattisgarh,Raipur,Furniture,Furnishings,Wall Clock,8,0.4,4755.44,171.89
ORD-00921,2024-10-13,2024-10-19,First Class,CUST-0352,Corporate,Central,Madhya Pradesh,Indore,Technology,Accessories,Wireless Mouse,6,0.2,475.92,71.9
ORD-00232,2025-10-23,2025-10-28,Second Class,CUST-0377,Home Office,North,Uttar Pradesh,Noida,Technology,Phones,Phone Case,4,0.0,3024.57,-109.83
ORD-01975,2024-06-30,2024-07-05,Same Day,CUST-0017,Consumer,Central,Chhattisgarh,Raipur,Furniture,Furnishings,Table Lamp,7,0.0,812.43,128.28
ORD-00383,2025-03-09,2025-03-16,First Class,CUST-0280,Corporate,South,Andhra Pradesh,Vijayawada,Furniture,Chairs,Mesh Office Chair,4,0.0,3501.35,254.16
ORD-01179,2025-12-17,2025-12-22,First Class,CUST-0101,Home Office,East,Jharkhand,Ranchi,Office Supplies,Art,Sketch Pad,1,0.0,19.26,1.89
ORD-01216,2023-08-05,2023-08-06,Same Day,CUST-0249,Home Office,East,Odisha,Bhubaneswar,Office Supplies,Binders,Clip Binder,2,0.0,218.74,54.65
ORD-00073,2024-12-20,2024-12-26,Same Day,CUST-0349,Home Office,South,Karnataka,Bangalore,Furniture,Bookcases,Wooden Bookcase,3,0.0,1721.9,323.41
ORD-00071,2023-03-28,2023-04-01,Same Day,CUST-0354,Corporate,North,Uttar Pradesh,Lucknow,Office Supplies,Labels,Shipping Labels,10,0.3,890.17,77.83
ORD-01343,2025-04-02,2025-04-06,Second Class,CUST-0336,Consumer,South,Karnataka,Bangalore,Furniture,Tables,Computer Desk,5,0.0,553.17,-2.19
ORD-01086,2025-03-02,2025-03-05,First Class,CUST-0198,Corporate,Central,Madhya Pradesh,Indore,Furniture,Furnishings,Wall Clock,6,0.2,2790.37,166.58
ORD-00172,2024-07-26,2024-07-30,First Class,CUST-0093,Consumer,South,Andhra Pradesh,Vijayawada,Technology,Accessories,USB Cable,7,0.4,4165.36,-213.93
ORD-01295,2025-07-06,2025-07-09,Standard Class,CUST-0302,Home Office,East,Jharkhand,Ranchi,Furniture,Tables,Coffee Table,10,0.0,7676.87,110.71
ORD-00169,2025-11-17,2025-11-18,Second Class,CUST-0067,Consumer,East,Bihar,Patna,Furniture,Furnishings,Photo Frame,9,0.0,6240.82,-122.55
ORD-00494,2025-06-23,2025-06-29,Second Class,CUST-0029,Consumer,West,Rajasthan,Jaipur,Furniture,Tables,Computer Desk,1,0.0,377.03,16.64
ORD-01253,2025-07-14,2025-07-18,Same Day,CUST-0146,Home Office,South,Kerala,Trivandrum,Technology,Copiers,All-in-One Printer,3,0.0,946.33,134.12
ORD-01668,2024-11-03,2024-11-09,Standard Class,CUST-0280,Corporate,West,Maharashtra,Mumbai,Furniture,Furnishings,Cushion,3,0.5,1277.44,83.28
ORD-01944,2024-11-08,2024-11-10,Second Class,CUST-0015,Corporate,West,Gujarat,Surat,Furniture,Tables,Computer Desk,2,0.0,279.78,-6.05
ORD-00894,2024-08-25,2024-08-27,Same Day,CUST-0400,Consumer,Central,Chhattisgarh,Raipur,Office Supplies,Binders,Clip Binder,4,0.0,249.39,19.65
ORD-00273,2023-05-25,2023-06-01,Same Day,CUST-0383,Consumer,East,West Bengal,Kolkata,Technology,Phones,Smartphone X200,4,0.1,2541.87,262.75
ORD-01297,2023-07-26,2023-07-28,Second Class,CUST-0071,Consumer,Central,Madhya Pradesh,Bhopal,Office Supplies,Labels,Shipping Labels,9,0.0,342.51,63.41
ORD-00421,2025-05-17,2025-05-21,Second Class,CUST-0287,Corporate,West,Goa,Panaji,Furniture,Tables,Coffee Table,8,0.0,1488.77,184.04
ORD-00095,2023-09-12,2023-09-17,Second Class,CUST-0321,Corporate,South,Kerala,Kochi,Furniture,Bookcases,Glass Bookcase,4,0.0,1454.96,18.41
ORD-01370,2025-10-24,2025-10-30,Second Class,CUST-0270,Consumer,North,Delhi,New Delhi,Technology,Accessories,Wireless Mouse,4,0.0,1004.95,88.85
ORD-01585,2025-12-30,2026-01-06,Same Day,CUST-0026,Consumer,East,Bihar,Patna,Furniture,Chairs,Folding Chair,9,0.5,6586.07,-631.99
ORD-01596,2024-03-21,2024-03-24,Same Day,CUST-0245,Consumer,Central,Chhattisgarh,Raipur,Office Supplies,Paper,A4 Copy Paper,10,0.2,377.33,81.25
ORD-00043,2024-09-14,2024-09-20,Standard Class,CUST-0392,Home Office,West,Rajasthan,Udaipur,Office Supplies,Binders,View Binder,1,0.0,111.51,37.75
ORD-00057,2023-10-16,2023-10-23,Standard Class,CUST-0346,Consumer,South,Andhra Pradesh,Visakhapatnam,Furniture,Furnishings,Table Lamp,5,,2482.95,164.22
ORD-01602,2024-05-10,2024-05-12,First Class,CUST-0274,Corporate,East,West Bengal,Howrah,Furniture,Furnishings,Table Lamp,3,0.0,851.4,61.19
ORD-01495,2024-08-11,2024-08-16,Same Day,CUST-0282,Home Office,South,Andhra Pradesh,Vijayawada,Technology,Copiers,Desktop Copier,6,0.0,5268.62,1083.5
ORD-01943,2025-01-22,2025-01-27,First Class,CUST-0015,Home Office,North,Uttar Pradesh,Lucknow,Furniture,Tables,Conference Table,4,0.0,3283.57,126.5
ORD-01634,2024-04-13,2024-04-18,Second Class,CUST-0197,Home Office,North,Uttar Pradesh,Kanpur,Furniture,Tables,Computer Desk,6,0.0,1679.51,46.66
ORD-00889,2025-07-20,2025-07-25,Same Day,CUST-0018,Home Office,West,Maharashtra,Nagpur,Furniture,Tables,Computer Desk,10,0.0,1549.63,79.42
ORD-00575,2025-01-27,2025-01-28,Second Class,CUST-0057,Consumer,North,Uttar Pradesh,Kanpur,Office Supplies,Paper,Sticky Notes,4,0.4,320.8,0.88
ORD-00039,2025-10-02,2025-10-03,Standard Class,CUST-0078,Consumer,North,Haryana,Faridabad,Office Supplies,Art,Sketch Pad,3,0.0,124.83,21.25
ORD-00307,2024-10-19,2024-10-21,First Class,CUST-0139,Consumer,South,Kerala,Trivandrum,Technology,Machines,Label Maker,2,0.5,308.77,-18.49
ORD-00669,2023-07-27,2023-07-31,Second Class,CUST-0293,Corporate,Central,Madhya Pradesh,Indore,Technology,Machines,Label Maker,7,0.0,2417.71,-129.18
ORD-00007,2023-08-23,2023-08-29,Standard Class,CUST-0321,Corporate,Central,Chhattisgarh,Raipur,Furniture,Bookcases,Metal Bookcase,3,0.15,1295.13,211.07
ORD-01197,2023-10-22,2023-10-26,Standard Class,CUST-0209,Home Office,North,Punjab,Amritsar,Furniture,Furnishings,Photo Frame,7,0.5,3850.46,-162.45
ORD-00783,2024-06-08,2024-06-11,Same Day,CUST-0055,Home Office,South,Kerala,Trivandrum,Office Supplies,Binders,View Binder,5,0.5,295.82,3.37
ORD-00409,2024-08-12,2024-08-18,Same Day,CUST-0345,Home Office,South,Andhra Pradesh,Visakhapatnam,Office Supplies,Paper,Notebook,4,0.4,367.21,21.3
ORD-01891,2023-08-18,2023-08-23,Second Class,CUST-0181,Consumer,South,Karnataka,Bangalore,Office Supplies,Binders,3-Ring Binder,6,0.4,681.36,128.9
ORD-00782,2025-10-03,2025-10-04,Second Class,CUST-0387,Home Office,East,West Bengal,Howrah,Technology,Accessories,Power Bank,4,0.15,2948.4,74.79
ORD-00167,2024-06-18,2024-06-25,Same Day,CUST-0062,Home Office,East,Jharkhand,Ranchi,Office Supplies,Art,Sketch Pad,4,0.0,137.57,13.66
ORD-00535,2024-04-04,2024-04-05,Second Class,CUST-0016,Consumer,South,Tamil Nadu,Madurai,Technology,Accessories,Power Bank,1,0.0,112.2,26.36
ORD-00584,2024-09-18,2024-09-19,Second Class,CUST-0222,Home Office,West,Rajasthan,Jaipur,Furniture,Bookcases,Wooden Bookcase,6,0.5,4082.82,-454.18
ORD-01260,2025-05-23,2025-05-27,Second Class,CUST-0003,Consumer,Central,Madhya Pradesh,Indore,Technology,Copiers,Desktop Copier,10,0.0,6769.79,412.41
ORD-01911,2025-06-11,2025-06-16,First Class,CUST-0311,Consumer,Central,Chhattisgarh,Raipur,Office Supplies,Labels,Shipping Labels,9,0.0,752.91,124.74
ORD-01430,2024-10-27,2024-10-29,Same Day,CUST-0195,Corporate,South,Tamil Nadu,Coimbatore,Office Supplies,Labels,Address Labels,6,0.4,107.69,1.69
ORD-01995,2024-05-09,2024-05-11,First Class,CUST-0286,Consumer,West,Goa,Panaji,Office Supplies,Art,Sketch Pad,6,0.4,330.98,84.1
ORD-01775,2025-03-10,2025-03-16,Standard Class,CUST-0018,Home Office,West,Gujarat,Ahmedabad,Furniture,Tables,Conference Table,9,0.0,4055.89,229.24
ORD-01264,2025-11-22,2025-11-26,Same Day,CUST-0221,Consumer,South,Karnataka,Mysore,Furniture,Tables,Conference Table,3,0.4,1965.48,-114.68
ORD-01899,2025-10-10,2025-10-13,First Class,CUST-0101,Consumer,North,Punjab,Amritsar,Furniture,Chairs,Folding Chair,9,0.2,917.1,20.8
ORD-01115,2024-12-07,2024-12-13,Same Day,CUST-0278,Home Office,West,Goa,Panaji,Technology,Machines,Calculator,4,0.15,1761.22,169.31
ORD-01124,2023-09-01,2023-09-04,Same Day,CUST-0043,Consumer,Central,Chhattisgarh,Raipur,Furniture,Bookcases,Metal Bookcase,10,0.5,2096.13,-298.55
ORD-01381,2023-08-10,2023-08-13,Standard Class,CUST-0123,Consumer,Central,Chhattisgarh,Raipur,Office Supplies,Storage,Plastic Drawer,1,0.3,114.61,8.4
ORD-00814,2023-12-18,2023-12-25,Second Class,CUST-0144,Consumer,West,Gujarat,Ahmedabad,Furniture,Chairs,Folding Chair,8,0.1,1413.42,63.43
ORD-00317,2025-07-22,2025-07-29,Second Class,CUST-0365,Home Office,Central,Chhattisgarh,Raipur,Office Supplies,Labels,Shipping Labels,9,0.3,497.82,81.33
ORD-01289,2024-01-22,2024-01-24,Standard Class,CUST-0169,Corporate,South,Kerala,Trivandrum,Furniture,Tables,Conference Table,8,0.0,4968.57,744.91
ORD-01959,2024-06-26,2024-06-28,Standard Class,CUST-0071,Corporate,South,Andhra Pradesh,Vijayawada,Technology,Accessories,Power Bank,9,0.0,8416.77,-438.7
ORD-00517,2025-05-06,2025-05-08,First Class,CUST-0156,Consumer,East,West Bengal,Kolkata,Furniture,Chairs,Executive Leather Chair,6,0.0,1522.93,87.91
ORD-01861,2024-03-08,2024-03-13,Standard Class,CUST-0096,Corporate,East,Bihar,Patna,Technology,Phones,Cordless Phone,8,,8514.13,166.8
ORD-01675,2024-05-02,2024-05-05,Same Day,CUST-0314,Corporate,East,West Bengal,Howrah,Technology,Copiers,Desktop Copier,5,0.0,1053.01,-73.78
ORD-01694,2023-12-26,2023-12-27,Same Day,CUST-0384,Corporate,North,Delhi,New Delhi,Technology,Copiers,All-in-One Printer,10,0.2,7479.44,216.19
ORD-00534,2024-04-26,2024-04-29,Same Day,CUST-0125,Consumer,North,Punjab,Ludhiana,Office Supplies,Labels,Shipping Labels,3,0.0,40.92,3.82
ORD-00174,2025-03-06,2025-03-09,Same Day,CUST-0278,Corporate,South,Karnataka,Bangalore,Technology,Machines,Calculator,6,0.0,5133.87,1515.53
ORD-01049,2023-09-07,2023-09-11,First Class,CUST-0379,Consumer,Central,Chhattisgarh,Raipur,Furniture,Chairs,Executive Leather Chair,6,0.5,3460.4,-276.1
ORD-00272,2024-03-28,2024-04-02,First Class,CUST-0271,Consumer,North,Delhi,New Delhi,Technology,Copiers,Desktop Copier,8,0.3,5035.74,-688.28
ORD-00549,2024-01-12,2024-01-19,Same Day,CUST-0006,Home Office,North,Delhi,New Delhi,Office Supplies,Storage,Storage Box,4,0.0,263.08,47.63
ORD-00965,2023-02-26,2023-03-04,Same Day,CUST-0012,Home Office,East,West Bengal,Kolkata,Furniture,Bookcases,Glass Bookcase,10,0.4,4828.39,459.7
ORD-01704,2025-12-10,2025-12-14,Second Class,CUST-0370,Home Office,West,Rajasthan,Udaipur,Office Supplies,Storage,Plastic Drawer,5,0.1,557.66,36.06
ORD-01637,2024-02-16,2024-02-23,Second Class,CUST-0061,Home Office,North,Uttar Pradesh,Kanpur,Office Supplies,Art,Marker Set,7,0.4,355.78,77.36
ORD-00599,2025-05-25,2025-05-31,First Class,CUST-0200,Home Office,West,Maharashtra,Nagpur,Furniture,Tables,Conference Table,2,0.2,332.2,-28.03
ORD-01610,2023-12-27,2024-01-01,First Class,CUST-0216,Corporate,North,Delhi,New Delhi,Furniture,Furnishings,Wall Clock,1,0.15,643.37,20.5
ORD-00571,2025-09-30,2025-10-03,Second Class,CUST-0007,Home Office,East,Jharkhand,Ranchi,Furniture,Bookcases,Metal Bookcase,2,0.1,716.77,74.36
ORD-00075,2023-07-04,2023-07-09,First Class,CUST-0366,Consumer,Central,Chhattisgarh,Raipur,Technology,Phones,Cordless Phone,10,0.0,5969.73,1339.53
ORD-00062,2023-02-02,2023-02-04,First Class,CUST-0235,Home Office,East,West Bengal,Kolkata,Technology,Copiers,Desktop Copier,2,0.0,1280.45,187.0
ORD-01993,2024-08-04,2024-08-05,Second Class,CUST-0378,Consumer,East,Odisha,Bhubaneswar,Furniture,Bookcases,Glass Bookcase,5,0.15,1124.48,13.8
ORD-00810,2025-12-01,2025-12-03,First Class,CUST-0064,Corporate,North,Haryana,Gurgaon,Furniture,Bookcases,Wooden Bookcase,8,0.4,2727.99,11.87
ORD-00245,2025-11-11,2025-11-16,Standard Class,CUST-0378,Home Office,South,Karnataka,Bangalore,Office Supplies,Paper,Notebook,1,0.3,16.01,1.74
ORD-01105,2023-01-02,2023-01-03,Standard Class,CUST-0271,Corporate,South,Karnataka,Bangalore,Furniture,Tables,Computer Desk,2,0.1,1225.85,21.25
ORD-01449,2023-12-21,2023-12-28,Same Day,CUST-0153,Corporate,South,Kerala,Kochi,Technology,Phones,Cordless Phone,9,0.0,7255.86,1642.47
ORD-00106,2024-08-14,2024-08-20,First Class,CUST-0022,Corporate,South,Andhra Pradesh,Visakhapatnam,Office Supplies,Storage,Plastic Drawer,5,0.3,401.1,110.86
ORD-00674,2025-06-02,2025-06-06,Second Class,CUST-0393,Home Office,North,Haryana,Faridabad,Furniture,Furnishings,Wall Clock,7,0.1,3923.53,-67.38
ORD-00643,2024-02-13,2024-02-19,First Class,CUST-0219,Home Office,North,Uttar Pradesh,Noida,Furniture,Chairs,Ergonomic Chair,10,0.1,2020.43,32.81
ORD-01272,2023-07-25,2023-07-26,Same Day,CUST-0351,Home Office,East,Bihar,Patna,Technology,Phones,Cordless Phone,3,0.0,2420.58,43.83
ORD-00666,2024-11-21,2024-11-27,First Class,CUST-0218,Corporate,Central,Chhattisgarh,Raipur,Technology,Copiers,All-in-One Printer,1,0.4,922.31,87.21
ORD-00510,2025-09-26,2025-09-27,Second Class,CUST-0211,Consumer,East,West Bengal,Howrah,Office Supplies,Storage,File Cabinet,2,0.2,252.07,35.1
ORD-00132,2023-05-31,2023-06-01,Second Class,CUST-0221,Corporate,East,Odisha,Bhubaneswar,Technology,Accessories,Power Bank,6,0.4,5989.65,-760.67
ORD-00445,2024-11-09,2024-11-16,Same Day,CUST-0320,Consumer,Central,Chhattisgarh,Raipur,Office Supplies,Storage,Storage Box,2,0.1,231.7,51.35
ORD-00867,2024-12-31,2025-01-01,Standard Class,CUST-0053,Home Office,West,Goa,Panaji,Furniture,Bookcases,Wooden Bookcase,6,0.4,1967.55,-143.84
ORD-00809,2025-11-26,2025-12-02,First Class,CUST-0105,Corporate,West,Rajasthan,Udaipur,Technology,Copiers,Desktop Copier,10,0.15,8933.03,1385.05
ORD-01779,2023-04-27,2023-05-03,Same Day,CUST-0047,Home Office,East,Odisha,Bhubaneswar,Technology,Machines,Label Maker,7,0.4,4226.34,490.51
ORD-00058,2025-08-23,2025-08-24,Standard Class,CUST-0050,Consumer,Central,Chhattisgarh,Raipur,Technology,Phones,Phone Case,8,0.0,4156.32,1240.13
ORD-01660,2024-10-12,2024-10-19,Standard Class,CUST-0167,Home Office,North,Uttar Pradesh,Kanpur,Technology,Copiers,Desktop Copier,4,0.2,3250.9,-243.63
ORD-01071,2024-04-25,2024-04-26,First Class,CUST-0382,Consumer,East,Bihar,Patna,Technology,Copiers,All-in-One Printer,5,0.2,1848.59,437.82
ORD-01135,2025-03-19,2025-03-20,Standard Class,CUST-0125,Home Office,North,Delhi,New Delhi,Technology,Phones,Smartphone X200,4,0.4,3628.26,-195.71
ORD-00087,2025-03-26,2025-04-02,Same Day,CUST-0198,Corporate,Central,Chhattisgarh,Raipur,Furniture,Tables,Conference Table,6,0.15,4509.24,-220.42
ORD-01853,2024-08-06,2024-08-13,First Class,CUST-0216,Home Office,East,Bihar,Patna,Technology,Machines,Calculator,7,,6143.0,1051.05
ORD-00772,2024-11-24,2024-11-30,First Class,CUST-0214,Consumer,East,Jharkhand,Ranchi,Technology,Accessories,Keyboard,6,0.2,5886.54,-782.42
ORD-01233,2024-06-20,2024-06-26,Same Day,CUST-0043,Home Office,West,Maharashtra,Pune,Office Supplies,Art,Color Pencils,2,0.5,120.81,1.65
ORD-00709,2023-01-02,2023-01-05,Second Class,CUST-0113,Home Office,West,Goa,Panaji,Furniture,Bookcases,Glass Bookcase,9,0.4,3007.84,-20.45
ORD-01559,2025-09-16,2025-09-20,Second Class,CUST-0022,Corporate,North,Punjab,Amritsar,Office Supplies,Paper,Notebook,10,0.0,750.62,79.31
ORD-01341,2024-02-10,2024-02-12,First Class,CUST-0357,Consumer,North,Haryana,Faridabad,Furniture,Tables,Round Meeting Table,7,0.5,638.18,-26.85
ORD-01564,2023-02-21,2023-02-26,Second Class,CUST-0350,Home Office,Central,Chhattisgarh,Raipur,Office Supplies,Labels,Address Labels,3,0.2,393.58,93.2
ORD-00539,2025-05-18,2025-05-20,Second Class,CUST-0283,Consumer,East,West Bengal,Kolkata,Furniture,Bookcases,Glass Bookcase,6,0.0,618.0,1.84
ORD-01881,2023-10-20,2023-10-26,First Class,CUST-0371,Consumer,North,Haryana,Gurgaon,Technology,Phones,Cordless Phone,5,0.0,2067.36,116.89
ORD-01181,2024-02-19,2024-02-21,Second Class,CUST-0055,Home Office,North,Punjab,Ludhiana,Technology,Copiers,Desktop Copier,2,0.1,2190.48,449.74
ORD-01555,2023-10-28,2023-11-04,Standard Class,CUST-0057,Home Office,East,Bihar,Patna,Office Supplies,Art,Sketch Pad,5,0.2,277.22,29.14
ORD-01308,2024-04-01,2024-04-06,Second Class,CUST-0047,Corporate,East,West Bengal,Howrah,Technology,Phones,Smartphone X200,7,0.0,2370.35,-195.04
ORD-00419,2025-12-28,2026-01-04,First Class,CUST-0233,Consumer,Central,Madhya Pradesh,Indore,Office Supplies,Storage,Plastic Drawer,10,0.1,1053.23,194.78
ORD-01848,2023-08-03,2023-08-06,Same Day,CUST-0352,Corporate,North,Punjab,Amritsar,Furniture,Tables,Computer Desk,7,0.0,5908.52,449.7
ORD-01705,2024-03-12,2024-03-16,First Class,CUST-0271,Corporate,North,Haryana,Faridabad,Furniture,Furnishings,Cushion,2,0.1,1726.71,101.85
ORD-01282,2023-05-09,2023-05-12,Standard Class,CUST-0178,Home Office,Central,Chhattisgarh,Raipur,Furniture,Bookcases,Wooden Bookcase,1,0.0,135.64,7.57
ORD-00852,2025-05-01,2025-05-07,First Class,CUST-0062,Home Office,North,Haryana,Faridabad,Furniture,Tables,Round Meeting Table,10,0.4,4460.03,-28.61
ORD-01750,2024-02-24,2024-02-27,Same Day,CUST-0368,Consumer,East,Jharkhand,Ranchi,Technology,Machines,Calculator,3,0.1,2876.63,141.03
ORD-01727,2023-07-04,2023-07-06,First Class,CUST-0046,Consumer,North,Delhi,New Delhi,Technology,Accessories,Keyboard,8,0.0,962.4,137.73
ORD-01691,2025-08-23,2025-08-24,Second Class,CUST-0218,Home Office,Central,Chhattisgarh,Raipur,Furniture,Bookcases,Wooden Bookcase,1,0.0,473.22,32.1
ORD-01855,2025-10-02,2025-10-04,Standard Class,CUST-0174,Corporate,West,Goa,Panaji,Furniture,Chairs,Folding Chair,6,0.0,5146.3,381.39
ORD-01804,2023-04-03,2023-04-10,Standard Class,CUST-0349,Home Office,South,Tamil Nadu,Chennai,Office Supplies,Labels,Address Labels,4,0.5,259.6,-4.49
ORD-01730,2024-04-03,2024-04-04,First Class,CUST-0185,Consumer,North,Haryana,Faridabad,Technology,Phones,Smartphone X200,10,0.5,5860.47,415.92
ORD-01796,2023-10-21,2023-10-27,Standard Class,CUST-0308,Corporate,Central,Madhya Pradesh,Indore,Technology,Machines,Label Maker,8,0.5,6971.14,-305.24
ORD-00305,2023-07-09,2023-07-13,Second Class,CUST-0106,Home Office,Central,Madhya Pradesh,Indore,Technology,Accessories,Wireless Mouse,6,0.2,3678.25,694.66
ORD-01517,2024-06-30,2024-07-03,Standard Class,CUST-0031,Home Office,South,Tamil Nadu,Coimbatore,Office Supplies,Binders,View Binder,2,0.3,265.53,27.66
ORD-00336,2023-02-02,2023-02-06,Same Day,CUST-0123,Consumer,North,Delhi,New Delhi,Furniture,Chairs,Folding Chair,7,0.0,4540.71,6.99
ORD-00996,2025-11-20,2025-11-21,Same Day,CUST-0059,Consumer,Central,Madhya Pradesh,Bhopal,Furniture,Chairs,Executive Leather Chair,2,0.0,184.44,-6.32
ORD-00570,2024-11-05,2024-11-11,Second Class,CUST-0296,Corporate,Central,Chhattisgarh,Raipur,Technology,Accessories,Wireless Mouse,10,0.3,9474.73,461.47
ORD-00089,2025-05-22,2025-05-24,Second Class,CUST-0016,Consumer,West,Rajasthan,Udaipur,Furniture,Bookcases,Glass Bookcase,7,0.0,2135.95,251.61
ORD-00875,2023-08-25,2023-09-01,Second Class,CUST-0124,Consumer,South,Tamil Nadu,Chennai,Technology,Phones,Phone Case,8,0.0,6954.53,1740.86
ORD-01152,2024-11-14,2024-11-21,Same Day,CUST-0290,Consumer,Central,Madhya Pradesh,Bhopal,Office Supplies,Paper,Notebook,8,0.4,803.49,-1.56
ORD-01524,2025-11-11,2025-11-15,Standard Class,CUST-0051,Home Office,West,Rajasthan,Udaipur,Technology,Accessories,USB Cable,4,0.0,2116.78,289.22
ORD-00713,2024-07-26,2024-08-01,Same Day,CUST-0329,Consumer,Central,Chhattisgarh,Raipur,Furniture,Bookcases,Metal Bookcase,8,0.2,5362.11,540.59
ORD-01747,2023-06-24,2023-06-28,First Class,CUST-0097,Home Office,East,West Bengal,Kolkata,Furniture,Tables,Coffee Table,5,0.1,3792.84,-4.65
ORD-01850,2024-11-24,2024-11-25,Standard Class,CUST-0228,Corporate,East,Bihar,Patna,Technology,Machines,Calculator,1,0.3,312.68,64.72
ORD-01382,2024-03-29,2024-04-04,Second Class,CUST-0310,Corporate,South,Kerala,Trivandrum,Office Supplies,Paper,A4 Copy Paper,2,0.5,141.07,-5.1
ORD-00222,2023-01-19,2023-01-20,First Class,CUST-0264,Home Office,East,Jharkhand,Ranchi,Technology,Accessories,USB Cable,6,0.15,1033.58,242.41
ORD-00320,2024-11-09,2024-11-13,Standard Class,CUST-0147,Corporate,East,Bihar,Patna,Furniture,Chairs,Folding Chair,10,0.0,2935.63,334.9
ORD-01756,2024-05-08,2024-05-12,Standard Class,CUST-0385,Home Office,West,Rajasthan,Udaipur,Office Supplies,Binders,3-Ring Binder,8,0.2,1005.17,110.87
ORD-00879,2025-02-15,2025-02-21,Second Class,CUST-0090,Corporate,North,Haryana,Faridabad,Office Supplies,Paper,A4 Copy Paper,9,0.4,729.04,92.35
ORD-01802,2023-02-04,2023-02-07,First Class,CUST-0382,Consumer,Central,Madhya Pradesh,Indore,Technology,Accessories,Wireless Mouse,3,0.0,576.35,75.77
ORD-00826,2024-06-01,2024-06-05,Same Day,CUST-0335,Corporate,West,Goa,Panaji,Office Supplies,Paper,Sticky Notes,3,0.0,37.34,2.46
ORD-01987,2024-02-14,2024-02-20,First Class,CUST-0364,Home Office,Central,Chhattisgarh,Raipur,Technology,Accessories,Keyboard,6,0.3,6011.17,1411.44
ORD-01468,2023-12-10,2023-12-14,Second Class,CUST-0263,Consumer,North,Uttar Pradesh,Noida,Technology,Accessories,Keyboard,2,0.0,967.38,78.03
ORD-00139,2024-12-28,2024-12-30,Same Day,CUST-0238,Home Office,Central,Madhya Pradesh,Indore,Office Supplies,Art,Marker Set,1,0.5,31.61,3.87
ORD-00164,2024-11-01,2024-11-02,Second Class,CUST-0376,Home Office,Central,Chhattisgarh,Raipur,Office Supplies,Paper,Sticky Notes,10,0.2,1055.04,166.7
ORD-01782,2024-12-29,2025-01-02,Standard Class,CUST-0109,Corporate,North,Punjab,Amritsar,Furniture,Chairs,Executive Leather Chair,4,0.3,1276.53,-4.1
ORD-01451,2023-02-19,2023-02-25,Same Day,CUST-0248,Consumer,East,Bihar,Patna,Furniture,Tables,Conference Table,4,0.0,1749.68,300.33
ORD-00961,2023-05-20,2023-05-27,Same Day,CUST-0203,Home Office,Central,Chhattisgarh,Raipur,Office Supplies,Paper,Notebook,2,0.5,50.93,6.46
ORD-01709,2023-01-30,2023-02-03,Same Day,CUST-0167,Home Office,Central,Madhya Pradesh,Indore,Technology,Phones,Cordless Phone,7,0.5,2342.09,-251.4
ORD-01243,2023-02-09,2023-02-10,Second Class,CUST-0140,Consumer,East,Bihar,Patna,Office Supplies,Binders,Clip Binder,10,0.4,831.2,66.79
ORD-01180,2024-07-25,2024-07-26,Same Day,CUST-0028,Consumer,South,Karnataka,Bangalore,Furniture,Furnishings,Table Lamp,5,0.1,2819.14,152.71
ORD-01931,2025-08-08,2025-08-10,Second Class,CUST-0110,Home Office,North,Uttar Pradesh,Noida,Furniture,Furnishings,Photo Frame,8,0.0,3418.29,15.16
ORD-01680,2023-05-07,2023-05-10,Standard Class,CUST-0095,Home Office,West,Maharashtra,Mumbai,Technology,Accessories,Wireless Mouse,7,0.0,8263.56,2244.82
ORD-01805,2025-02-23,2025-02-25,First Class,CUST-0066,Corporate,East,Odisha,Bhubaneswar,Office Supplies,Art,Color Pencils,10,0.2,640.2,97.34
ORD-00634,2025-02-04,2025-02-07,Second Class,CUST-0018,Corporate,West,Gujarat,Ahmedabad,Furniture,Chairs,Executive Leather Chair,9,0.0,1476.6,30.67
ORD-01189,2024-03-09,2024-03-15,Standard Class,CUST-0162,Consumer,North,Punjab,Ludhiana,Office Supplies,Labels,Shipping Labels,9,0.0,75.78,17.45
ORD-00656,2024-03-07,2024-03-10,Standard Class,CUST-0323,Corporate,South,Andhra Pradesh,Visakhapatnam,Furniture,Chairs,Mesh Office Chair,8,0.3,1417.04,77.34
ORD-00017,2024-08-06,2024-08-08,Second Class,CUST-0368,Corporate,West,Rajasthan,Jaipur,Technology,Machines,Calculator,2,0.0,365.49,4.64
ORD-01689,2025-03-25,2025-03-30,Second Class,CUST-0064,Consumer,Central,Madhya Pradesh,Bhopal,Furniture,Furnishings,Photo Frame,5,0.2,4227.91,291.7
ORD-01166,2024-02-21,2024-02-24,Same Day,CUST-0227,Consumer,South,Kerala,Trivandrum,Office Supplies,Binders,Clip Binder,6,0.15,506.18,117.04
ORD-00138,2025-05-16,2025-05-23,Standard Class,CUST-0056,Consumer,West,Maharashtra,Pune,Technology,Copiers,All-in-One Printer,9,0.5,6467.81,521.65
ORD-01226,2025-06-11,2025-06-18,Second Class,CUST-0115,Home Office,South,Andhra Pradesh,Visakhapatnam,Furniture,Bookcases,Wooden Bookcase,1,0.15,524.68,13.6
ORD-00698,2025-05-25,2025-05-29,Standard Class,CUST-0377,Consumer,West,Maharashtra,Nagpur,Furniture,Bookcases,Wooden Bookcase,10,0.2,4121.99,443.26
ORD-01098,2023-03-29,2023-04-05,First Class,CUST-0397,Home Office,West,Gujarat,Surat,Office Supplies,Labels,Shipping Labels,4,0.3,293.07,21.84
ORD-01616,2023-03-06,2023-03-11,First Class,CUST-0128,Home Office,North,Punjab,Amritsar,Office Supplies,Art,Marker Set,9,0.3,201.39,10.2
ORD-00449,2025-12-26,2025-12-30,Second Class,CUST-0261,Home Office,East,Bihar,Patna,Technology,Accessories,USB Cable,10,0.0,3883.1,847.47
ORD-01896,2023-12-18,2023-12-19,Second Class,CUST-0066,Consumer,South,Kerala,Trivandrum,Office Supplies,Art,Color Pencils,2,0.1,166.81,23.44
ORD-00328,2024-01-01,2024-01-07,Same Day,CUST-0010,Corporate,West,Maharashtra,Mumbai,Technology,Copiers,Desktop Copier,10,0.0,8727.1,1667.03
ORD-00318,2024-07-05,2024-07-09,Same Day,CUST-0265,Consumer,Central,Chhattisgarh,Raipur,Furniture,Furnishings,Cushion,2,0.5,944.89,90.61
ORD-01530,2024-02-15,2024-02-16,Standard Class,CUST-0362,Home Office,West,Rajasthan,Udaipur,Technology,Machines,Calculator,3,0.5,1560.16,-257.75
ORD-00527,2025-12-14,2025-12-16,Standard Class,CUST-0005,Consumer,North,Delhi,New Delhi,Office Supplies,Binders,3-Ring Binder,1,0.1,95.5,10.53
ORD-00088,2024-01-18,2024-01-22,Same Day,CUST-0309,Home Office,West,Rajasthan,Udaipur,Furniture,Furnishings,Table Lamp,7,0.2,3777.0,-243.05
ORD-01275,2024-10-31,2024-11-06,Same Day,CUST-0004,Consumer,Central,Chhattisgarh,Raipur,Office Supplies,Paper,A4 Copy Paper,3,0.0,47.05,9.21
ORD-00149,2023-07-15,2023-07-17,Same Day,CUST-0193,Corporate,West,Maharashtra,Pune,Technology,Accessories,Wireless Mouse,4,0.3,1218.26,-63.97
ORD-01623,2023-11-09,2023-11-13,Standard Class,CUST-0298,Home Office,West,Maharashtra,Pune,Furniture,Tables,Coffee Table,1,0.0,394.25,66.37
ORD-01209,2023-12-06,2023-12-08,Second Class,CUST-0089,Consumer,North,Haryana,Faridabad,Furniture,Chairs,Folding Chair,5,0.0,2623.08,458.22
ORD-01840,2025-05-25,2025-05-28,First Class,CUST-0265,Corporate,North,Uttar Pradesh,Lucknow,Office Supplies,Labels,Address Labels,9,0.15,418.59,33.02
ORD-00366,2024-03-14,2024-03-19,Standard Class,CUST-0267,Consumer,West,Rajasthan,Jaipur,Office Supplies,Binders,3-Ring Binder,6,0.3,363.05,103.61
ORD-00590,2023-01-14,2023-01-21,Standard Class,CUST-0063,Corporate,West,Gujarat,Ahmedabad,Furniture,Chairs,Mesh Office Chair,10,0.0,8015.17,548.52
ORD-01852,2025-10-06,2025-10-09,Same Day,CUST-0032,Home Office,East,Odisha,Bhubaneswar,Office Supplies,Binders,3-Ring Binder,4,0.1,102.88,17.59
ORD-00199,2025-06-07,2025-06-13,Standard Class,CUST-0321,Home Office,West,Goa,Panaji,Office Supplies,Art,Marker Set,1,0.2,104.29,17.66
ORD-01897,2024-03-28,2024-03-29,First Class,CUST-0167,Corporate,West,Goa,Panaji,Office Supplies,Binders,3-Ring Binder,10,0.4,918.9,181.4
ORD-00193,2024-12-15,2024-12-19,Standard Class,CUST-0247,Consumer,East,Odisha,Bhubaneswar,Office Supplies,Labels,Shipping Labels,10,0.2,744.19,140.01
ORD-00405,2025-01-08,2025-01-14,Same Day,CUST-0321,Home Office,West,Rajasthan,Jaipur,Furniture,Tables,Round Meeting Table,4,0.0,687.07,1.59
ORD-01575,2025-08-17,2025-08-22,Standard Class,CUST-0209,Home Office,South,Andhra Pradesh,Vijayawada,Technology,Phones,Smartphone X200,8,0.5,1303.45,83.78
ORD-01988,2025-06-14,2025-06-20,First Class,CUST-0218,Home Office,East,West Bengal,Howrah,Technology,Accessories,Keyboard,7,0.0,5180.05,377.45
ORD-00484,2023-04-28,2023-05-01,Same Day,CUST-0264,Corporate,East,West Bengal,Kolkata,Office Supplies,Art,Color Pencils,3,0.1,66.41,14.31
ORD-01462,2025-01-10,2025-01-13,Standard Class,CUST-0353,Home Office,East,Jharkhand,Ranchi,Furniture,Furnishings,Cushion,6,0.3,2180.6,31.9
ORD-00792,2023-10-25,2023-10-30,Second Class,CUST-0379,Consumer,East,Odisha,Bhubaneswar,Furniture,Furnishings,Table Lamp,7,0.5,4773.05,-592.08
ORD-00800,2023-12-28,2024-01-04,Standard Class,CUST-0225,Corporate,West,Maharashtra,Pune,Furniture,Tables,Conference Table,10,0.0,7733.42,-190.36
ORD-00385,2025-02-26,2025-03-01,Same Day,CUST-0324,Corporate,East,West Bengal,Kolkata,Office Supplies,Art,Marker Set,7,0.1,937.69,269.89
ORD-00751,2023-02-12,2023-02-16,Same Day,CUST-0376,Corporate,East,Odisha,Bhubaneswar,Office Supplies,Art,Color Pencils,9,0.2,1253.65,165.15
ORD-00423,2023-04-10,2023-04-13,Same Day,CUST-0244,Home Office,East,Odisha,Bhubaneswar,Technology,Copiers,Desktop Copier,2,0.4,178.44,32.14
ORD-00315,2023-01-02,2023-01-08,Second Class,CUST-0244,Consumer,Central,Chhattisgarh,Raipur,Office Supplies,Binders,3-Ring Binder,7,0.3,396.02,47.74
ORD-01022,2024-12-09,2024-12-16,Standard Class,CUST-0038,Home Office,South,Kerala,Trivandrum,Furniture,Chairs,Folding Chair,7,0.0,965.6,107.21
ORD-00544,2024-06-12,2024-06-16,First Class,CUST-0192,Consumer,East,Jharkhand,Ranchi,Furniture,Furnishings,Table Lamp,6,0.0,4706.3,283.35
ORD-00914,2025-06-15,2025-06-17,Same Day,CUST-0207,Home Office,West,Gujarat,Ahmedabad,Furniture,Tables,Conference Table,7,0.0,727.36,53.25
ORD-00663,2024-09-10,2024-09-14,Same Day,CUST-0350,Home Office,North,Haryana,Faridabad,Technology,Accessories,Power Bank,3,0.0,2983.4,-84.11
ORD-00903,2023-08-30,2023-09-01,First Class,CUST-0209,Home Office,Central,Chhattisgarh,Raipur,Furniture,Tables,Coffee Table,10,0.15,6739.88,-381.65
ORD-01957,2024-07-20,2024-07-21,Second Class,CUST-0273,Home Office,East,Jharkhand,Ranchi,Technology,Machines,Laminator,2,0.0,1260.67,346.8
ORD-00686,2024-04-12,2024-04-18,Second Class,CUST-0126,Corporate,South,Kerala,Kochi,Office Supplies,Binders,Clip Binder,9,0.5,651.98,157.21
ORD-01678,2023-03-02,2023-03-06,First Class,CUST-0166,Corporate,West,Maharashtra,Mumbai,Furniture,Tables,Computer Desk,1,0.2,356.29,-9.95
ORD-00160,2023-10-09,2023-10-15,First Class,CUST-0269,Consumer,North,Punjab,Amritsar,Office Supplies,Labels,Shipping Labels,3,0.0,341.15,20.06
ORD-01000,2023-06-01,2023-06-02,Same Day,CUST-0022,Home Office,West,Rajasthan,Udaipur,Furniture,Chairs,Mesh Office Chair,5,0.3,369.92,16.1
ORD-01302,2025-10-19,2025-10-25,Same Day,CUST-0173,Home Office,Central,Chhattisgarh,Raipur,Office Supplies,Storage,File Cabinet,6,0.3,792.13,-6.29
ORD-01778,2023-08-09,2023-08-10,Same Day,CUST-0394,Home Office,East,Bihar,Patna,Furniture,Bookcases,Metal Bookcase,7,0.4,5348.85,364.76
ORD-00203,2025-12-01,2025-12-04,Same Day,CUST-0152,Consumer,Central,Madhya Pradesh,Indore,Furniture,Chairs,Folding Chair,2,0.15,1381.89,176.71
ORD-01024,2023-01-06,2023-01-10,Second Class,CUST-0201,Consumer,West,Goa,Panaji,Furniture,Bookcases,Metal Bookcase,1,0.0,258.73,18.97
ORD-01534,2023-04-10,2023-04-15,First Class,CUST-0113,Corporate,Central,Chhattisgarh,Raipur,Technology,Phones,Smartphone X200,9,0.1,8404.19,-766.5
ORD-01190,2023-04-06,2023-04-08,First Class,CUST-0120,Corporate,North,Haryana,Gurgaon,Office Supplies,Art,Color Pencils,6,0.15,622.13,160.67
ORD-00113,2024-08-27,2024-08-30,Second Class,CUST-0391,Consumer,Central,Madhya Pradesh,Bhopal,Furniture,Furnishings,Wall Clock,8,0.5,4713.37,368.58
ORD-01808,2025-12-26,2025-12-28,Same Day,CUST-0285,Corporate,Central,Chhattisgarh,Raipur,Office Supplies,Labels,Shipping Labels,2,0.2,44.67,9.61
ORD-01752,2024-09-09,2024-09-14,Same Day,CUST-0366,Corporate,East,West Bengal,Howrah,Furniture,Tables,Conference Table,6,0.5,3644.32,-362.62
ORD-00981,2024-05-27,2024-05-29,First Class,CUST-0162,Corporate,North,Haryana,Faridabad,Office Supplies,Storage,Plastic Drawer,9,0.2,571.42,50.65
ORD-00923,2024-05-20,2024-05-26,Same Day,CUST-0092,Corporate,South,Kerala,Trivandrum,Furniture,Tables,Round Meeting Table,6,0.2,2323.79,-100.74
ORD-01486,2024-04-16,2024-04-18,First Class,CUST-0090,Corporate,East,Odisha,Bhubaneswar,Office Supplies,Binders,View Binder,9,0.0,1222.8,345.82
ORD-01590,2023-11-21,2023-11-25,Same Day,CUST-0363,Corporate,South,Kerala,Kochi,Technology,Accessories,USB Cable,3,0.4,3097.36,587.26
ORD-01965,2023-03-02,2023-03-04,Standard Class,CUST-0114,Consumer,South,Karnataka,Bangalore,Technology,Phones,Cordless Phone,1,0.2,119.47,18.36
ORD-01359,2023-04-08,2023-04-15,Second Class,CUST-0063,Consumer,East,Odisha,Bhubaneswar,Furniture,Furnishings,Photo Frame,2,0.0,822.89,139.1
ORD-00816,2024-07-10,2024-07-12,Same Day,CUST-0087,Corporate,West,Goa,Panaji,Office Supplies,Binders,Clip Binder,9,0.2,1070.54,35.55
ORD-01550,2024-05-26,2024-05-29,First Class,CUST-0399,Consumer,South,Andhra Pradesh,Visakhapatnam,Furniture,Bookcases,Glass Bookcase,6,0.0,3939.9,250.63
ORD-01539,2023-06-18,2023-06-24,First Class,CUST-0106,Home Office,Central,Madhya Pradesh,Bhopal,Office Supplies,Art,Sketch Pad,6,0.15,504.38,56.51
ORD-00680,2025-05-04,2025-05-07,Same Day,CUST-0220,Consumer,Central,Madhya Pradesh,Bhopal,Office Supplies,Art,Color Pencils,1,0.0,62.77,16.63
ORD-01094,2025-01-25,2025-01-30,Second Class,CUST-0331,Corporate,South,Karnataka,Mysore,Furniture,Chairs,Folding Chair,7,0.3,1650.21,-85.57
ORD-00081,2023-10-11,2023-10-18,Standard Class,CUST-0114,Corporate,East,West Bengal,Howrah,Office Supplies,Labels,Address Labels,9,0.15,398.24,69.3
ORD-01761,2025-05-24,2025-05-28,First Class,CUST-0171,Consumer,West,Rajasthan,Udaipur,Furniture,Tables,Round Meeting Table,8,0.2,6755.27,-602.08
ORD-01345,2024-05-13,2024-05-19,First Class,CUST-0299,Home Office,Central,Chhattisgarh,Raipur,Office Supplies,Storage,File Cabinet,3,0.15,91.46,13.58
ORD-01533,2023-03-19,2023-03-20,Same Day,CUST-0211,Home Office,East,Jharkhand,Ranchi,Furniture,Bookcases,Wooden Bookcase,3,0.1,1483.95,9.39
ORD-00753,2025-04-16,2025-04-19,Second Class,CUST-0338,Corporate,East,Odisha,Bhubaneswar,Furniture,Furnishings,Table Lamp,9,0.3,5035.5,-489.85
ORD-01320,2024-10-09,2024-10-10,Same Day,CUST-0227,Consumer,West,Goa,Panaji,Office Supplies,Labels,Shipping Labels,9,0.1,1138.65,270.04
ORD-01055,2024-01-25,2024-01-30,Same Day,CUST-0047,Consumer,Central,Madhya Pradesh,Bhopal,Office Supplies,Storage,File Cabinet,4,0.3,137.22,13.04
ORD-00243,2023-11-28,2023-11-29,First Class,CUST-0114,Corporate,South,Andhra Pradesh,Visakhapatnam,Technology,Phones,Smartphone X200,7,0.0,1083.26,-70.13
ORD-01945,2023-01-24,2023-01-28,Same Day,CUST-0335,Consumer,North,Punjab,Amritsar,Technology,Accessories,USB Cable,1,0.15,130.54,5.16
ORD-00642,2024-05-29,2024-06-02,First Class,CUST-0360,Consumer,West,Gujarat,Surat,Technology,Accessories,Wireless Mouse,9,0.0,3738.07,1087.0
ORD-00697,2024-10-04,2024-10-11,Standard Class,CUST-0329,Corporate,East,Jharkhand,Ranchi,Furniture,Bookcases,Metal Bookcase,4,0.15,1749.02,-28.27
ORD-00210,2024-04-01,2024-04-06,Same Day,CUST-0212,Consumer,West,Goa,Panaji,Furniture,Furnishings,Photo Frame,10,0.0,4474.41,873.26
ORD-01469,2024-07-29,2024-08-02,First Class,CUST-0296,Corporate,North,Punjab,Ludhiana,Furniture,Chairs,Ergonomic Chair,10,0.4,6279.64,-290.96
ORD-00771,2023-11-24,2023-11-28,First Class,CUST-0324,Consumer,North,Haryana,Gurgaon,Furniture,Bookcases,Glass Bookcase,8,0.4,4072.01,288.73
ORD-01755,2023-06-17,2023-06-18,First Class,CUST-0364,Consumer,Central,Madhya Pradesh,Bhopal,Technology,Copiers,All-in-One Printer,5,0.4,4638.2,592.98
ORD-00436,2025-03-22,2025-03-23,Standard Class,CUST-0355,Home Office,East,Jharkhand,Ranchi,Technology,Accessories,Wireless Mouse,2,0.1,381.3,-3.92
ORD-01064,2023-07-03,2023-07-05,Standard Class,CUST-0085,Corporate,East,West Bengal,Kolkata,Technology,Accessories,Power Bank,10,0.3,7228.64,215.61
ORD-00975,2024-07-24,2024-07-31,Standard Class,CUST-0241,Home Office,East,Jharkhand,Ranchi,Office Supplies,Binders,View Binder,2,0.15,189.65,48.61
ORD-00552,2023-02-03,2023-02-06,Second Class,CUST-0284,Home Office,East,West Bengal,Howrah,Technology,Copiers,All-in-One Printer,7,0.2,3551.4,111.35
ORD-01396,2024-09-20,2024-09-24,Second Class,CUST-0385,Corporate,South,Kerala,Kochi,Office Supplies,Labels,Address Labels,10,0.0,605.46,152.36
ORD-01650,2025-07-21,2025-07-28,Standard Class,CUST-0246,Home Office,Central,Madhya Pradesh,Indore,Office Supplies,Labels,Shipping Labels,6,0.15,827.65,83.45
ORD-01014,2025-05-29,2025-06-02,First Class,CUST-0208,Consumer,South,Karnataka,Mysore,Office Supplies,Labels,Address Labels,9,0.3,251.0,57.56
ORD-01887,2025-02-21,2025-02-28,Same Day,CUST-0014,Consumer,East,West Bengal,Howrah,Office Supplies,Paper,A4 Copy Paper,8,0.0,791.72,177.57
ORD-00467,2023-12-10,2023-12-16,Standard Class,CUST-0183,Corporate,South,Tamil Nadu,Coimbatore,Technology,Phones,Cordless Phone,6,0.5,1469.75,-157.32
ORD-01477,2024-05-30,2024-06-02,Standard Class,CUST-0334,Home Office,South,Tamil Nadu,Coimbatore,Office Supplies,Paper,A4 Copy Paper,10,0.3,1226.13,258.79
ORD-01307,2025-01-12,2025-01-16,First Class,CUST-0256,Home Office,Central,Chhattisgarh,Raipur,Office Supplies,Storage,Storage Box,8,0.4,804.38,98.8
ORD-00278,2023-09-04,2023-09-11,Same Day,CUST-0229,Home Office,South,Tamil Nadu,Madurai,Technology,Copiers,Desktop Copier,5,0.2,3288.35,-393.92
ORD-01070,2025-01-03,2025-01-05,Second Class,CUST-0219,Corporate,Central,Chhattisgarh,Raipur,Office Supplies,Paper,A4 Copy Paper,6,0.2,616.21,103.96
ORD-01018,2023-12-29,2023-12-30,First Class,CUST-0057,Corporate,North,Punjab,Ludhiana,Office Supplies,Storage,Plastic Drawer,6,0.3,74.42,14.88
ORD-01758,2025-01-09,2025-01-13,Standard Class,CUST-0229,Consumer,North,Uttar Pradesh,Noida,Office Supplies,Labels,Address Labels,2,0.4,9.1,1.79
ORD-00723,2025-06-03,2025-06-09,Second Class,CUST-0142,Corporate,North,Punjab,Ludhiana,Furniture,Bookcases,Wooden Bookcase,5,0.15,3986.88,38.46
ORD-01954,2025-01-31,2025-02-01,First Class,CUST-0292,Corporate,South,Kerala,Kochi,Technology,Machines,Label Maker,3,0.1,665.19,53.05
ORD-00787,2023-09-03,2023-09-06,First Class,CUST-0012,Home Office,South,Kerala,Trivandrum,Furniture,Chairs,Executive Leather Chair,8,0.4,1571.02,137.38
ORD-01546,2024-05-03,2024-05-05,Same Day,CUST-0343,Home Office,East,Jharkhand,Ranchi,Office Supplies,Binders,Clip Binder,2,0.4,214.71,-0.26
ORD-01310,2025-01-18,2025-01-19,Same Day,CUST-0357,Home Office,East,West Bengal,Howrah,Technology,Machines,Calculator,9,0.0,5633.9,882.02
ORD-01460,2024-09-19,2024-09-25,Same Day,CUST-0059,Corporate,West,Goa,Panaji,Furniture,Chairs,Executive Leather Chair,1,0.0,369.94,53.69
ORD-01304,2025-08-25,2025-08-28,Second Class,CUST-0210,Consumer,North,Punjab,Ludhiana,Furniture,Furnishings,Photo Frame,1,0.4,440.26,38.22
ORD-00907,2025-04-15,2025-04-22,Same Day,CUST-0084,Consumer,South,Karnataka,Mysore,Technology,Copiers,Desktop Copier,1,0.0,371.77,51.87
ORD-00564,2023-03-11,2023-03-16,First Class,CUST-0075,Corporate,East,Jharkhand,Ranchi,Technology,Machines,Label Maker,1,0.0,543.79,88.52
ORD-00389,2023-02-12,2023-02-13,Standard Class,CUST-0008,Home Office,Central,Madhya Pradesh,Bhopal,Office Supplies,Paper,Sticky Notes,3,0.0,283.83,45.52
ORD-00023,2023-05-24,2023-05-30,Second Class,CUST-0316,Home Office,East,Bihar,Patna,Technology,Machines,Calculator,5,0.5,3620.11,637.67
ORD-01731,2024-01-21,2024-01-22,Same Day,CUST-0321,Corporate,Central,Madhya Pradesh,Bhopal,Technology,Accessories,USB Cable,4,0.1,2699.81,-71.81
ORD-00125,2025-10-01,2025-10-05,Same Day,CUST-0071,Home Office,South,Kerala,Kochi,Furniture,Furnishings,Wall Clock,9,0.0,8028.59,1495.7
ORD-01247,2024-08-29,2024-09-05,Standard Class,CUST-0215,Home Office,East,Bihar,Patna,Technology,Phones,Cordless Phone,3,0.0,3482.5,35.67
ORD-00774,2025-08-20,2025-08-21,First Class,CUST-0365,Consumer,East,West Bengal,Howrah,Furniture,Bookcases,Wooden Bookcase,9,0.15,4147.7,-262.42
ORD-00881,2025-11-22,2025-11-25,Second Class,CUST-0296,Corporate,Central,Madhya Pradesh,Indore,Office Supplies,Labels,Address Labels,4,0.2,453.71,11.21
ORD-01145,2024-02-25,2024-03-01,Standard Class,CUST-0179,Consumer,West,Goa,Panaji,Technology,Accessories,Wireless Mouse,4,0.15,2165.68,242.59
ORD-01167,2023-04-20,2023-04-21,First Class,CUST-0001,Consumer,North,Punjab,Amritsar,Technology,Phones,Smartphone X200,9,0.0,2025.35,280.68
ORD-00051,2024-11-03,2024-11-10,Standard Class,CUST-0228,Consumer,Central,Chhattisgarh,Raipur,Technology,Copiers,Desktop Copier,10,0.1,10757.96,-867.34
ORD-01397,2025-05-05,2025-05-11,First Class,CUST-0224,Home Office,West,Gujarat,Ahmedabad,Technology,Machines,Calculator,1,0.15,284.43,28.5
ORD-01459,2025-03-03,2025-03-08,Same Day,CUST-0384,Home Office,North,Uttar Pradesh,Lucknow,Office Supplies,Binders,3-Ring Binder,9,0.4,806.23,154.38
ORD-01106,2024-10-28,2024-11-03,Standard Class,CUST-0335,Corporate,North,Uttar Pradesh,Noida,Office Supplies,Art,Marker Set,1,0.0,96.23,30.76
ORD-00704,2025-01-03,2025-01-09,Standard Class,CUST-0182,Corporate,East,Jharkhand,Ranchi,Furniture,Chairs,Folding Chair,8,0.0,2314.67,104.18
ORD-00483,2025-12-05,2025-12-12,Same Day,CUST-0194,Home Office,North,Uttar Pradesh,Kanpur,Technology,Machines,Label Maker,8,0.2,3286.49,776.91
ORD-01146,2025-11-15,2025-11-22,Second Class,CUST-0044,Home Office,West,Maharashtra,Mumbai,Technology,Accessories,Power Bank,3,0.15,3338.79,717.65
ORD-01912,2025-05-02,2025-05-05,First Class,CUST-0207,Home Office,East,West Bengal,Howrah,Furniture,Tables,Round Meeting Table,9,0.0,5551.18,440.46
ORD-00067,2024-04-08,2024-04-15,Same Day,CUST-0036,Consumer,West,Maharashtra,Nagpur,Technology,Machines,Laminator,3,0.2,3129.55,270.8
ORD-01721,2023-06-05,2023-06-06,Second Class,CUST-0262,Corporate,Central,Madhya Pradesh,Bhopal,Office Supplies,Paper,A4 Copy Paper,8,0.4,860.13,138.28
ORD-00734,2025-08-29,2025-08-31,Standard Class,CUST-0174,Corporate,East,Odisha,Bhubaneswar,Office Supplies,Storage,Storage Box,7,0.3,493.38,47.05
ORD-01785,2024-04-02,2024-04-07,Same Day,CUST-0049,Home Office,East,Bihar,Patna,Furniture,Tables,Conference Table,8,0.0,1906.23,-62.63
ORD-00802,2025-11-04,2025-11-06,Same Day,CUST-0060,Home Office,South,Tamil Nadu,Chennai,Furniture,Chairs,Mesh Office Chair,4,0.15,1702.97,67.22
ORD-01949,2024-10-09,2024-10-10,Same Day,CUST-0251,Corporate,West,Maharashtra,Nagpur,Technology,Copiers,Desktop Copier,6,0.0,2333.36,421.15
ORD-01471,2025-12-30,2026-01-05,First Class,CUST-0181,Corporate,North,Delhi,New Delhi,Furniture,Furnishings,Wall Clock,6,0.1,2405.02,330.14
ORD-00908,2025-07-08,2025-07-10,Standard Class,CUST-0394,Corporate,West,Goa,Panaji,Technology,Accessories,Keyboard,1,0.4,926.92,197.24
ORD-00032,2023-03-24,2023-03-31,Standard Class,CUST-0399,Consumer,North,Punjab,Ludhiana,Furniture,Tables,Computer Desk,3,0.4,1236.36,55.47
ORD-00418,2024-06-13,2024-06-15,First Class,CUST-0121,Home Office,East,Jharkhand,Ranchi,Technology,Phones,Cordless Phone,5,0.0,524.46,-51.35
ORD-00882,2023-03-27,2023-04-01,Second Class,CUST-0065,Consumer,North,Uttar Pradesh,Lucknow,Office Supplies,Paper,A4 Copy Paper,7,0.2,618.92,9.34
ORD-00633,2023-02-10,2023-02-16,Second Class,CUST-0149,Consumer,North,Uttar Pradesh,Lucknow,Technology,Machines,Label Maker,9,0.5,2234.05,31.9
ORD-01562,2024-04-14,2024-04-17,Same Day,CUST-0238,Consumer,South,Kerala,Kochi,Technology,Copiers,Desktop Copier,2,0.0,959.66,-41.38
ORD-01919,2023-05-25,2023-06-01,Standard Class,CUST-0254,Corporate,North,Uttar Pradesh,Kanpur,Technology,Accessories,USB Cable,4,0.0,2350.86,689.65
ORD-00065,2024-10-02,2024-10-08,First Class,CUST-0344,Consumer,East,Bihar,Patna,Technology,Copiers,Desktop Copier,2,0.2,302.77,28.64
ORD-01622,2023-10-24,2023-10-26,Standard Class,CUST-0273,Consumer,East,Odisha,Bhubaneswar,Technology,Copiers,Desktop Copier,2,0.15,1110.33,-111.62
ORD-01607,2025-05-10,2025-05-15,Standard Class,CUST-0041,Corporate,West,Goa,Panaji,Office Supplies,Paper,Notebook,4,0.5,225.27,40.47
ORD-00078,2023-06-23,2023-06-26,Second Class,CUST-0080,Consumer,Central,Chhattisgarh,Raipur,Furniture,Chairs,Ergonomic Chair,9,0.1,3288.58,50.75
ORD-00492,2023-11-09,2023-11-16,First Class,CUST-0388,Corporate,South,Karnataka,Bangalore,Furniture,Furnishings,Photo Frame,5,0.0,4436.0,385.87
ORD-01639,2024-11-02,2024-11-05,Second Class,CUST-0186,Corporate,West,Maharashtra,Mumbai,Technology,Accessories,Keyboard,3,0.5,417.98,41.36
ORD-01538,2023-10-12,2023-10-13,Standard Class,CUST-0247,Corporate,South,Andhra Pradesh,Vijayawada,Office Supplies,Storage,Storage Box,10,0.15,709.23,14.72
ORD-00533,2024-11-13,2024-11-15,Second Class,CUST-0360,Consumer,South,Andhra Pradesh,Visakhapatnam,Technology,Copiers,All-in-One Printer,9,0.3,1197.05,196.93
ORD-00066,2025-04-21,2025-04-24,Standard Class,CUST-0391,Corporate,West,Maharashtra,Pune,Technology,Machines,Label Maker,2,,1562.18,160.13
ORD-01777,2025-11-18,2025-11-21,First Class,CUST-0327,Home Office,Central,Chhattisgarh,Raipur,Furniture,Furnishings,Photo Frame,1,0.1,703.49,37.93
ORD-00297,2023-10-31,2023-11-01,Second Class,CUST-0234,Home Office,East,West Bengal,Kolkata,Furniture,Bookcases,Metal Bookcase,2,0.15,229.59,16.71
ORD-00592,2024-08-15,2024-08-21,Same Day,CUST-0006,Home Office,North,Uttar Pradesh,Noida,Technology,Machines,Label Maker,7,0.3,3372.48,-377.55
ORD-00768,2025-01-28,2025-02-01,Same Day,CUST-0238,Corporate,East,Jharkhand,Ranchi,Technology,Accessories,Wireless Mouse,10,0.4,4586.49,908.52
ORD-00725,2023-07-27,2023-08-02,Second Class,CUST-0166,Consumer,North,Uttar Pradesh,Noida,Technology,Copiers,Desktop Copier,7,0.2,4002.33,648.01
ORD-01426,2024-06-09,2024-06-16,Same Day,CUST-0255,Consumer,West,Maharashtra,Pune,Technology,Accessories,USB Cable,2,0.1,1320.66,-154.06
ORD-00627,2025-11-16,2025-11-22,Same Day,CUST-0113,Home Office,North,Haryana,Gurgaon,Office Supplies,Binders,View Binder,9,0.0,1143.07,272.26
ORD-01409,2025-02-06,2025-02-08,Second Class,CUST-0145,Consumer,East,Bihar,Patna,Technology,Machines,Label Maker,6,0.2,2679.34,244.89
ORD-01948,2024-01-28,2024-01-30,First Class,CUST-0015,Corporate,South,Kerala,Trivandrum,Technology,Accessories,Keyboard,9,0.2,6938.15,465.89
ORD-01213,2023-06-04,2023-06-08,Standard Class,CUST-0301,Consumer,West,Rajasthan,Udaipur,Office Supplies,Paper,A4 Copy Paper,1,0.0,91.32,29.27
ORD-01612,2023-06-12,2023-06-15,Standard Class,CUST-0044,Corporate,West,Goa,Panaji,Technology,Phones,Cordless Phone,7,0.0,3968.0,383.19
ORD-00252,2025-02-16,2025-02-21,First Class,CUST-0187,Corporate,North,Haryana,Faridabad,Technology,Machines,Laminator,9,0.2,9748.51,-543.84
ORD-01820,2023-12-08,2023-12-09,Same Day,CUST-0219,Home Office,Central,Madhya Pradesh,Indore,Technology,Accessories,USB Cable,4,0.3,3989.54,141.81
ORD-01991,2023-03-26,2023-04-01,Second Class,CUST-0309,Consumer,East,Bihar,Patna,Furniture,Bookcases,Glass Bookcase,5,0.3,1920.1,-49.64
ORD-01904,2024-05-28,2024-06-04,Standard Class,CUST-0320,Corporate,West,Gujarat,Ahmedabad,Technology,Accessories,Keyboard,1,0.1,885.96,30.09
ORD-00983,2023-09-25,2023-10-02,Same Day,CUST-0083,Consumer,South,Andhra Pradesh,Visakhapatnam,Technology,Machines,Laminator,2,0.1,1453.98,367.52
ORD-01773,2025-04-29,2025-05-01,First Class,CUST-0102,Consumer,Central,Chhattisgarh,Raipur,Technology,Machines,Laminator,4,0.15,3652.14,493.07
ORD-00707,2023-11-07,2023-11-13,Standard Class,CUST-0241,Consumer,South,Kerala,Kochi,Furniture,Chairs,Ergonomic Chair,4,0.15,1264.32,95.43
ORD-00488,2025-12-30,2026-01-05,Same Day,CUST-0120,Consumer,West,Maharashtra,Nagpur,Office Supplies,Paper,Notebook,10,0.3,498.39,112.4
ORD-00274,2025-01-03,2025-01-09,First Class,CUST-0191,Corporate,West,Goa,Panaji,Furniture,Tables,Coffee Table,9,0.4,2825.54,292.1
ORD-01762,2023-11-02,2023-11-03,Same Day,CUST-0115,Consumer,South,Andhra Pradesh,Vijayawada,Office Supplies,Labels,Address Labels,1,0.15,121.81,37.26
ORD-01669,2024-04-25,2024-04-30,First Class,CUST-0159,Corporate,West,Goa,Panaji,Furniture,Chairs,Executive Leather Chair,8,0.15,2097.29,242.15
ORD-00964,2023-01-31,2023-02-01,Second Class,CUST-0339,Home Office,East,Odisha,Bhubaneswar,Technology,Accessories,USB Cable,4,0.5,3375.47,-120.52
ORD-00878,2023-06-21,2023-06-24,Second Class,CUST-0181,Corporate,South,Tamil Nadu,Chennai,Technology,Accessories,Power Bank,2,0.0,1589.36,225.61
ORD-01741,2024-04-17,2024-04-21,First Class,CUST-0003,Home Office,North,Punjab,Ludhiana,Office Supplies,Paper,A4 Copy Paper,8,0.4,943.98,6.18
ORD-01813,2023-11-11,2023-11-15,Second Class,CUST-0096,Consumer,Central,Chhattisgarh,Raipur,Office Supplies,Art,Marker Set,9,0.0,1223.44,138.49
ORD-00412,2024-07-01,2024-07-03,Standard Class,CUST-0106,Corporate,Central,Madhya Pradesh,Bhopal,Office Supplies,Art,Marker Set,2,0.0,186.8,11.69
ORD-00668,2025-12-31,2026-01-01,Standard Class,CUST-0076,Home Office,South,Karnataka,Mysore,Office Supplies,Storage,File Cabinet,8,0.5,274.68,-10.39
ORD-01263,2023-12-14,2023-12-15,Standard Class,CUST-0303,Consumer,West,Rajasthan,Jaipur,Furniture,Furnishings,Table Lamp,10,0.2,6623.92,783.82
ORD-00150,2023-06-04,2023-06-10,First Class,CUST-0033,Home Office,North,Uttar Pradesh,Kanpur,Technology,Machines,Calculator,6,0.0,4315.49,714.89
ORD-00645,2024-07-21,2024-07-28,Standard Class,CUST-0071,Home Office,Central,Chhattisgarh,Raipur,Furniture,Chairs,Mesh Office Chair,4,0.0,619.59,42.67
ORD-01605,2025-10-15,2025-10-22,Standard Class,CUST-0382,Corporate,East,Bihar,Patna,Furniture,Furnishings,Photo Frame,4,0.15,849.63,19.03
ORD-00219,2024-04-06,2024-04-12,Second Class,CUST-0300,Corporate,East,Odisha,Bhubaneswar,Office Supplies,Art,Marker Set,2,0.3,54.96,4.05
ORD-00240,2025-02-19,2025-02-22,Standard Class,CUST-0296,Home Office,Central,Madhya Pradesh,Indore,Furniture,Bookcases,Metal Bookcase,4,0.5,2809.32,-134.39
ORD-01132,2023-07-22,2023-07-29,Same Day,CUST-0275,Consumer,East,Odisha,Bhubaneswar,Office Supplies,Paper,Notebook,7,0.1,137.14,12.75
ORD-01217,2025-08-02,2025-08-08,First Class,CUST-0359,Home Office,South,Kerala,Trivandrum,Technology,Accessories,Keyboard,5,0.5,669.11,34.33
ORD-00793,2024-11-16,2024-11-20,Second Class,CUST-0367,Consumer,North,Haryana,Faridabad,Technology,Copiers,All-in-One Printer,4,0.0,3363.88,-126.88
ORD-00192,2024-04-06,2024-04-12,First Class,CUST-0217,Corporate,South,Kerala,Trivandrum,Technology,Phones,Phone Case,1,0.0,249.18,69.07
ORD-00334,2025-07-23,2025-07-28,Second Class,CUST-0165,Consumer,South,Tamil Nadu,Chennai,Furniture,Furnishings,Wall Clock,2,0.3,1346.17,-38.96
ORD-01322,2024-07-27,2024-07-30,Second Class,CUST-0332,Corporate,North,Haryana,Faridabad,Technology,Accessories,USB Cable,2,0.0,1211.81,243.59
ORD-01325,2025-06-03,2025-06-05,Same Day,CUST-0120,Consumer,South,Kerala,Trivandrum,Furniture,Furnishings,Wall Clock,2,0.0,742.31,74.49
ORD-00963,2024-08-10,2024-08-11,Standard Class,CUST-0313,Corporate,West,Goa,Panaji,Furniture,Tables,Computer Desk,6,0.5,2235.09,38.96
ORD-01321,2023-07-27,2023-08-03,Second Class,CUST-0265,Corporate,South,Karnataka,Bangalore,Office Supplies,Storage,File Cabinet,1,0.0,116.31,28.28
ORD-01956,2025-12-19,2025-12-21,First Class,CUST-0364,Consumer,South,Karnataka,Mysore,Furniture,Tables,Computer Desk,10,0.0,8712.92,600.75
ORD-01652,2023-03-04,2023-03-11,Second Class,CUST-0088,Consumer,North,Delhi,New Delhi,Office Supplies,Paper,A4 Copy Paper,9,0.15,763.37,143.2
ORD-01617,2024-03-26,2024-04-02,First Class,CUST-0055,Corporate,North,Delhi,New Delhi,Technology,Phones,Cordless Phone,4,0.1,2953.57,795.88
ORD-00583,2023-01-18,2023-01-22,Standard Class,CUST-0028,Corporate,South,Andhra Pradesh,Vijayawada,Technology,Machines,Calculator,9,0.15,3278.98,-55.06
ORD-01910,2024-08-05,2024-08-12,First Class,CUST-0360,Corporate,South,Andhra Pradesh,Visakhapatnam,Furniture,Chairs,Executive Leather Chair,3,0.0,2259.15,-27.03
ORD-01693,2023-04-15,2023-04-22,Second Class,CUST-0361,Home Office,North,Uttar Pradesh,Kanpur,Technology,Machines,Laminator,3,0.15,1289.87,225.78
ORD-00840,2024-05-04,2024-05-10,First Class,CUST-0200,Consumer,West,Goa,Panaji,Furniture,Bookcases,Glass Bookcase,4,0.3,2964.36,-184.17
ORD-00628,2024-02-05,2024-02-08,Second Class,CUST-0364,Consumer,West,Gujarat,Surat,Furniture,Furnishings,Cushion,3,0.1,706.63,-48.9
ORD-00324,2023-01-25,2023-01-28,Same Day,CUST-0237,Home Office,West,Goa,Panaji,Technology,Phones,Smartphone X200,9,0.15,4697.63,-426.02
ORD-01643,2025-04-25,2025-05-02,Same Day,CUST-0148,Consumer,East,Bihar,Patna,Furniture,Tables,Computer Desk,2,0.0,1426.24,-63.83
ORD-01161,2025-06-03,2025-06-05,Second Class,CUST-0002,Consumer,South,Tamil Nadu,Chennai,Furniture,Tables,Computer Desk,8,0.2,4833.72,655.77
ORD-00779,2023-09-28,2023-10-02,Standard Class,CUST-0269,Corporate,North,Delhi,New Delhi,Furniture,Chairs,Mesh Office Chair,4,0.0,621.3,33.03
ORD-01077,2025-05-31,2025-06-07,First Class,CUST-0025,Consumer,North,Punjab,Ludhiana,Office Supplies,Storage,Plastic Drawer,5,0.1,513.55,49.74
ORD-00940,2024-05-15,2024-05-22,Standard Class,CUST-0293,Corporate,Central,Madhya Pradesh,Indore,Technology,Machines,Label Maker,7,0.4,3588.09,-229.86
ORD-00438,2025-05-10,2025-05-15,Second Class,CUST-0101,Consumer,West,Rajasthan,Jaipur,Office Supplies,Paper,Sticky Notes,2,0.1,236.9,37.23
ORD-00120,2025-05-24,2025-05-29,Second Class,CUST-0238,Consumer,West,Maharashtra,Pune,Technology,Copiers,All-in-One Printer,7,0.5,1555.69,-124.0
ORD-01553,2025-06-13,2025-06-20,Standard Class,CUST-0073,Home Office,East,Odisha,Bhubaneswar,Furniture,Tables,Conference Table,3,0.4,2264.69,164.06
ORD-01563,2025-08-04,2025-08-07,Same Day,CUST-0293,Home Office,South,Tamil Nadu,Coimbatore,Furniture,Chairs,Mesh Office Chair,7,0.0,4742.31,238.93
ORD-01027,2025-03-15,2025-03-19,Standard Class,CUST-0088,Home Office,South,Karnataka,Bangalore,Office Supplies,Storage,File Cabinet,6,0.5,762.06,157.87
ORD-01254,2023-05-31,2023-06-02,Standard Class,CUST-0197,Corporate,East,Bihar,Patna,Technology,Accessories,Wireless Mouse,1,0.0,653.1,96.63
ORD-01557,2024-03-19,2024-03-23,First Class,CUST-0137,Consumer,West,Rajasthan,Jaipur,Technology,Machines,Label Maker,2,0.0,481.37,-9.95
ORD-00077,2024-11-16,2024-11-17,Same Day,CUST-0067,Home Office,East,West Bengal,Howrah,Office Supplies,Storage,Plastic Drawer,10,0.0,533.37,76.31
ORD-01054,2023-02-24,2023-03-01,Same Day,CUST-0117,Home Office,South,Andhra Pradesh,Vijayawada,Office Supplies,Paper,Notebook,6,0.1,326.36,24.32
ORD-00901,2025-05-30,2025-06-03,Second Class,CUST-0159,Home Office,Central,Madhya Pradesh,Indore,Technology,Phones,Phone Case,8,0.3,4191.52,70.4
ORD-00372,2025-02-24,2025-02-28,Same Day,CUST-0392,Consumer,East,Jharkhand,Ranchi,Office Supplies,Binders,3-Ring Binder,3,0.0,389.26,35.17
ORD-01864,2024-03-20,2024-03-27,Standard Class,CUST-0285,Home Office,Central,Chhattisgarh,Raipur,Furniture,Bookcases,Metal Bookcase,7,0.15,2745.98,-212.65
ORD-01442,2023-02-17,2023-02-23,First Class,CUST-0097,Consumer,South,Tamil Nadu,Coimbatore,Furniture,Bookcases,Wooden Bookcase,2,0.1,376.75,51.27
ORD-01978,2025-09-28,2025-10-03,Second Class,CUST-0105,Home Office,East,Odisha,Bhubaneswar,Office Supplies,Binders,View Binder,10,0.15,698.76,50.04
ORD-00942,2024-03-14,2024-03-18,First Class,CUST-0390,Home Office,East,Odisha,Bhubaneswar,Furniture,Tables,Round Meeting Table,2,0.0,380.93,33.14
ORD-00578,2023-05-23,2023-05-25,First Class,CUST-0243,Home Office,South,Kerala,Trivandrum,Furniture,Chairs,Ergonomic Chair,7,0.0,2477.47,-18.13
ORD-00820,2023-10-18,2023-10-25,Second Class,CUST-0148,Home Office,West,Rajasthan,Jaipur,Furniture,Furnishings,Cushion,3,0.0,1520.45,141.63
ORD-01497,2024-11-01,2024-11-05,Second Class,CUST-0120,Consumer,South,Tamil Nadu,Chennai,Technology,Copiers,Desktop Copier,5,0.15,3692.02,77.56
ORD-01491,2023-07-30,2023-08-02,Same Day,CUST-0340,Corporate,West,Goa,Panaji,Office Supplies,Art,Color Pencils,6,0.5,275.97,-12.14
ORD-01733,2024-02-26,2024-03-04,Same Day,CUST-0233,Corporate,South,Tamil Nadu,Chennai,Office Supplies,Storage,Plastic Drawer,6,0.5,734.05,49.37
ORD-01380,2025-12-24,2025-12-27,First Class,CUST-0127,Corporate,South,Karnataka,Bangalore,Office Supplies,Paper,A4 Copy Paper,5,0.4,511.21,31.87
ORD-00887,2025-12-22,2025-12-27,First Class,CUST-0020,Corporate,North,Punjab,Ludhiana,Office Supplies,Paper,Notebook,9,0.0,1128.69,338.07
ORD-00969,2023-08-30,2023-09-02,Second Class,CUST-0171,Home Office,North,Uttar Pradesh,Lucknow,Office Supplies,Art,Marker Set,8,0.15,749.77,196.85
ORD-01597,2024-12-23,2024-12-25,Standard Class,CUST-0295,Consumer,Central,Madhya Pradesh,Bhopal,Furniture,Furnishings,Wall Clock,5,0.0,2306.39,-90.7
ORD-00786,2023-01-23,2023-01-26,Standard Class,CUST-0153,Consumer,North,Haryana,Faridabad,Office Supplies,Labels,Address Labels,2,0.3,65.92,6.71
ORD-01929,2025-10-11,2025-10-14,First Class,CUST-0057,Consumer,South,Karnataka,Mysore,Office Supplies,Paper,A4 Copy Paper,1,0.0,14.62,2.46
ORD-01681,2024-01-12,2024-01-14,Standard Class,CUST-0089,Consumer,North,Uttar Pradesh,Noida,Office Supplies,Binders,Clip Binder,2,0.4,163.32,30.44
ORD-01283,2025-06-20,2025-06-25,First Class,CUST-0110,Consumer,North,Haryana,Gurgaon,Furniture,Bookcases,Metal Bookcase,2,0.15,480.43,-31.63
ORD-00302,2024-11-23,2024-11-29,Standard Class,CUST-0267,Corporate,West,Goa,Panaji,Technology,Accessories,Power Bank,3,0.2,1882.39,435.05
ORD-00690,2025-10-27,2025-10-30,First Class,CUST-0327,Home Office,West,Maharashtra,Mumbai,Office Supplies,Binders,Clip Binder,9,0.3,234.68,4.31
ORD-00813,2023-05-03,2023-05-04,First Class,CUST-0391,Consumer,North,Haryana,Faridabad,Office Supplies,Art,Marker Set,4,0.5,314.61,6.58
ORD-01062,2023-05-18,2023-05-21,Same Day,CUST-0304,Consumer,North,Uttar Pradesh,Kanpur,Office Supplies,Binders,3-Ring Binder,10,0.15,980.01,294.01
ORD-00237,2024-01-04,2024-01-09,Second Class,CUST-0320,Home Office,West,Maharashtra,Nagpur,Technology,Machines,Laminator,4,0.0,4189.59,-179.8
ORD-01116,2024-08-25,2024-08-29,First Class,CUST-0353,Consumer,West,Maharashtra,Nagpur,Office Supplies,Binders,View Binder,2,0.0,56.98,13.64
ORD-01356,2024-04-04,2024-04-06,First Class,CUST-0375,Home Office,East,Odisha,Bhubaneswar,Furniture,Chairs,Ergonomic Chair,2,0.0,438.49,22.07
ORD-00500,2025-11-11,2025-11-13,Same Day,CUST-0039,Home Office,North,Delhi,New Delhi,Furniture,Tables,Computer Desk,5,0.5,3323.46,-319.02
ORD-01657,2024-11-08,2024-11-15,Same Day,CUST-0286,Corporate,South,Tamil Nadu,Coimbatore,Technology,Accessories,USB Cable,10,0.0,5058.55,356.67
ORD-01080,2023-05-12,2023-05-16,First Class,CUST-0217,Corporate,East,Odisha,Bhubaneswar,Office Supplies,Paper,Sticky Notes,1,0.2,77.83,4.59
ORD-01327,2025-02-02,2025-02-03,Same Day,CUST-0091,Home Office,Central,Chhattisgarh,Raipur,Technology,Accessories,Power Bank,7,0.15,1927.95,296.15
ORD-00795,2023-05-27,2023-05-28,Same Day,CUST-0326,Home Office,East,Jharkhand,Ranchi,Office Supplies,Storage,Plastic Drawer,7,0.2,603.03,83.55
ORD-01925,2025-06-26,2025-07-02,Second Class,CUST-0123,Consumer,East,Odisha,Bhubaneswar,Furniture,Tables,Coffee Table,6,0.4,4526.82,420.03
ORD-01766,2023-04-19,2023-04-20,Second Class,CUST-0274,Corporate,Central,Chhattisgarh,Raipur,Technology,Accessories,Keyboard,1,0.1,346.45,53.05
ORD-01933,2025-07-23,2025-07-30,Same Day,CUST-0164,Home Office,South,Kerala,Kochi,Technology,Phones,Cordless Phone,10,0.0,8871.01,-507.62
ORD-00991,2024-04-14,2024-04-17,First Class,CUST-0131,Home Office,South,Kerala,Kochi,Furniture,Chairs,Executive Leather Chair,7,0.0,3088.71,496.17
ORD-01372,2023-03-02,2023-03-09,First Class,CUST-0251,Home Office,East,Odisha,Bhubaneswar,Office Supplies,Paper,A4 Copy Paper,9,0.3,1137.69,206.91
ORD-00935,2023-12-21,2023-12-27,Standard Class,CUST-0267,Consumer,Central,Madhya Pradesh,Bhopal,Furniture,Chairs,Mesh Office Chair,4,0.15,2205.65,167.67
ORD-00388,2025-04-20,2025-04-27,Same Day,CUST-0293,Consumer,East,Jharkhand,Ranchi,Technology,Accessories,Keyboard,3,0.1,2821.12,105.5
ORD-01470,2024-08-06,2024-08-11,Standard Class,CUST-0284,Home Office,Central,Chhattisgarh,Raipur,Office Supplies,Paper,A4 Copy Paper,2,0.3,38.23,10.95
ORD-00391,2025-04-16,2025-04-23,Same Day,CUST-0352,Consumer,South,Tamil Nadu,Coimbatore,Office Supplies,Paper,Notebook,8,0.4,412.53,45.65
ORD-00744,2025-07-08,2025-07-10,First Class,CUST-0275,Corporate,South,Tamil Nadu,Madurai,Furniture,Chairs,Mesh Office Chair,8,0.15,1027.81,163.25
ORD-00353,2024-08-28,2024-09-01,First Class,CUST-0048,Corporate,East,Odisha,Bhubaneswar,Office Supplies,Binders,View Binder,8,0.15,192.65,39.54
ORD-01218,2023-08-13,2023-08-18,Same Day,CUST-0182,Consumer,South,Tamil Nadu,Coimbatore,Technology,Copiers,All-in-One Printer,1,0.1,973.82,178.23
ORD-00236,2023-08-21,2023-08-25,Standard Class,CUST-0086,Corporate,West,Goa,Panaji,Technology,Accessories,Power Bank,1,0.0,731.2,94.26
ORD-01707,2023-02-27,2023-03-05,Second Class,CUST-0226,Home Office,West,Rajasthan,Udaipur,Technology,Phones,Cordless Phone,4,0.4,3036.13,-245.23
ORD-00481,2024-01-08,2024-01-13,Second Class,CUST-0041,Corporate,North,Uttar Pradesh,Kanpur,Furniture,Tables,Computer Desk,1,0.3,632.39,0.12
ORD-00568,2024-12-09,2024-12-13,Second Class,CUST-0025,Consumer,North,Haryana,Faridabad,Technology,Phones,Cordless Phone,5,0.0,5129.87,-302.16
ORD-01141,2024-09-05,2024-09-09,Second Class,CUST-0261,Consumer,East,West Bengal,Howrah,Furniture,Chairs,Mesh Office Chair,9,0.0,4755.85,76.16
ORD-01682,2023-04-25,2023-04-27,Second Class,CUST-0352,Consumer,Central,Madhya Pradesh,Indore,Office Supplies,Labels,Address Labels,8,0.0,591.72,158.84
ORD-01865,2025-02-07,2025-02-10,Second Class,CUST-0137,Corporate,Central,Chhattisgarh,Raipur,Office Supplies,Labels,Address Labels,2,0.0,165.95,46.74
ORD-01566,2024-09-15,2024-09-16,Same Day,CUST-0052,Corporate,North,Punjab,Ludhiana,Furniture,Chairs,Folding Chair,6,0.0,3005.08,549.73
ORD-00121,2025-04-25,2025-04-29,Same Day,CUST-0345,Home Office,Central,Madhya Pradesh,Indore,Furniture,Bookcases,Wooden Bookcase,6,0.0,3661.79,307.26
ORD-01983,2025-01-08,2025-01-11,Second Class,CUST-0331,Home Office,East,Odisha,Bhubaneswar,Furniture,Furnishings,Table Lamp,9,0.0,3390.2,334.71
ORD-01025,2024-08-08,2024-08-09,Standard Class,CUST-0008,Home Office,West,Rajasthan,Jaipur,Technology,Phones,Phone Case,3,0.1,2752.75,612.22
ORD-01087,2025-12-29,2026-01-01,Standard Class,CUST-0272,Corporate,East,Odisha,Bhubaneswar,Office Supplies,Paper,Notebook,4,0.0,466.26,35.14
ORD-01273,2023-11-22,2023-11-24,Second Class,CUST-0328,Consumer,North,Haryana,Gurgaon,Technology,Copiers,Desktop Copier,8,0.15,6630.32,1233.13
ORD-00927,2024-10-28,2024-10-31,Second Class,CUST-0219,Corporate,West,Maharashtra,Pune,Office Supplies,Paper,A4 Copy Paper,4,0.3,211.43,51.54
ORD-00516,2024-02-13,2024-02-14,First Class,CUST-0180,Home Office,North,Uttar Pradesh,Noida,Technology,Machines,Calculator,4,0.3,438.81,-22.95
ORD-00224,2023-08-01,2023-08-03,Second Class,CUST-0133,Corporate,Central,Chhattisgarh,Raipur,Technology,Accessories,USB Cable,8,0.0,1073.88,139.59
ORD-01478,2025-05-27,2025-06-02,Second Class,CUST-0169,Home Office,East,Bihar,Patna,Furniture,Bookcases,Glass Bookcase,1,0.0,541.17,68.0
ORD-00614,2024-04-11,2024-04-12,First Class,CUST-0349,Corporate,East,Bihar,Patna,Technology,Machines,Calculator,1,0.4,122.41,-12.04
ORD-00844,2024-08-17,2024-08-22,Second Class,CUST-0162,Home Office,West,Maharashtra,Pune,Office Supplies,Binders,Clip Binder,10,0.3,1090.33,288.1
ORD-01246,2023-11-16,2023-11-20,Same Day,CUST-0282,Consumer,East,West Bengal,Howrah,Furniture,Tables,Round Meeting Table,9,0.0,5362.79,340.89
ORD-00053,2023-10-21,2023-10-23,First Class,CUST-0234,Corporate,West,Rajasthan,Udaipur,Office Supplies,Binders,Clip Binder,5,0.2,131.16,13.08
ORD-01844,2025-04-03,2025-04-07,Standard Class,CUST-0181,Corporate,South,Karnataka,Bangalore,Technology,Accessories,Wireless Mouse,6,0.0,2126.69,295.39
ORD-00486,2023-07-25,2023-07-31,Standard Class,CUST-0247,Home Office,West,Rajasthan,Jaipur,Technology,Accessories,USB Cable,3,0.5,2568.38,407.25
ORD-01934,2024-11-09,2024-11-14,Same Day,CUST-0042,Home Office,South,Tamil Nadu,Madurai,Technology,Machines,Laminator,7,0.15,7257.28,750.49
ORD-00819,2023-12-12,2023-12-14,Same Day,CUST-0077,Corporate,Central,Madhya Pradesh,Bhopal,Office Supplies,Storage,Storage Box,4,0.5,468.51,-12.29
ORD-00156,2023-06-22,2023-06-24,Same Day,CUST-0058,Consumer,Central,Chhattisgarh,Raipur,Technology,Machines,Laminator,9,0.0,4504.62,-19.21
ORD-01367,2024-12-13,2024-12-19,First Class,CUST-0208,Corporate,West,Gujarat,Surat,Office Supplies,Labels,Shipping Labels,3,0.0,95.14,15.88
ORD-00601,2024-06-18,2024-06-20,Standard Class,CUST-0283,Corporate,East,West Bengal,Kolkata,Furniture,Bookcases,Glass Bookcase,1,0.0,273.21,9.96
ORD-01603,2023-04-21,2023-04-28,First Class,CUST-0120,Home Office,Central,Chhattisgarh,Raipur,Office Supplies,Paper,A4 Copy Paper,5,0.0,310.12,50.14
ORD-00249,2024-12-25,2024-12-27,Second Class,CUST-0399,Consumer,Central,Chhattisgarh,Raipur,Technology,Accessories,Power Bank,4,0.1,1378.24,175.64
ORD-00762,2025-09-28,2025-10-01,First Class,CUST-0034,Consumer,East,West Bengal,Howrah,Technology,Phones,Phone Case,6,0.0,458.75,-32.22
ORD-01828,2025-08-29,2025-08-31,Same Day,CUST-0253,Home Office,East,Jharkhand,Ranchi,Technology,Machines,Laminator,4,0.4,1275.2,-152.83
ORD-01131,2023-05-27,2023-05-31,First Class,CUST-0135,Corporate,Central,Chhattisgarh,Raipur,Furniture,Bookcases,Glass Bookcase,9,0.0,2103.98,137.87
ORD-00543,2025-10-15,2025-10-16,Second Class,CUST-0364,Corporate,North,Punjab,Amritsar,Technology,Phones,Cordless Phone,2,0.0,779.9,-50.15
ORD-00794,2025-10-30,2025-11-06,Second Class,CUST-0398,Home Office,North,Uttar Pradesh,Lucknow,Furniture,Bookcases,Wooden Bookcase,7,0.1,2229.45,-142.96
ORD-01142,2024-06-23,2024-06-29,Standard Class,CUST-0292,Consumer,East,Bihar,Patna,Furniture,Tables,Conference Table,4,0.0,3359.13,183.4
ORD-01456,2024-12-10,2024-12-11,First Class,CUST-0153,Home Office,South,Kerala,Trivandrum,Office Supplies,Art,Marker Set,4,0.1,46.14,10.86
ORD-00629,2023-03-21,2023-03-25,Same Day,CUST-0307,Corporate,East,Jharkhand,Ranchi,Technology,Machines,Label Maker,9,0.1,3449.36,262.46
ORD-00151,2025-03-25,2025-03-27,Same Day,CUST-0009,Consumer,West,Gujarat,Surat,Office Supplies,Storage,File Cabinet,6,0.2,135.0,32.22
ORD-01838,2023-09-03,2023-09-05,First Class,CUST-0345,Consumer,Central,Madhya Pradesh,Bhopal,Technology,Copiers,Desktop Copier,4,0.15,2352.29,184.34
ORD-00292,2023-03-28,2023-03-30,Standard Class,CUST-0354,Home Office,Central,Chhattisgarh,Raipur,Technology,Copiers,Desktop Copier,4,0.15,1528.91,176.21
ORD-00382,2023-07-04,2023-07-08,First Class,CUST-0300,Home Office,South,Karnataka,Bangalore,Technology,Phones,Phone Case,10,0.0,3395.79,756.16
ORD-00687,2024-01-10,2024-01-16,Second Class,CUST-0117,Consumer,South,Karnataka,Mysore,Furniture,Chairs,Folding Chair,9,0.0,2767.78,488.61
ORD-01368,2023-02-23,2023-02-26,Same Day,CUST-0093,Corporate,West,Maharashtra,Pune,Furniture,Chairs,Executive Leather Chair,5,0.1,3804.33,-261.46
ORD-01225,2023-07-11,2023-07-12,Same Day,CUST-0029,Corporate,Central,Madhya Pradesh,Indore,Furniture,Chairs,Ergonomic Chair,1,0.0,844.05,25.4
ORD-00898,2025-02-05,2025-02-10,Standard Class,CUST-0366,Corporate,North,Delhi,New Delhi,Technology,Machines,Label Maker,1,0.0,473.48,-12.92
ORD-00855,2023-07-14,2023-07-17,First Class,CUST-0283,Home Office,East,Bihar,Patna,Furniture,Tables,Round Meeting Table,4,0.5,408.83,31.99
ORD-01072,2024-09-21,2024-09-27,Same Day,CUST-0146,Consumer,East,West Bengal,Howrah,Technology,Phones,Cordless Phone,10,0.1,8884.51,-147.56
ORD-02000,2024-03-17,2024-03-21,Same Day,CUST-0204,Home Office,East,Bihar,Patna,Furniture,Tables,Coffee Table,10,0.0,1561.82,168.5
ORD-01528,2023-11-02,2023-11-07,First Class,CUST-0349,Corporate,South,Kerala,Kochi,Furniture,Tables,Round Meeting Table,2,0.0,1024.19,60.63
ORD-01688,2023-10-07,2023-10-12,First Class,CUST-0199,Home Office,South,Andhra Pradesh,Vijayawada,Technology,Copiers,All-in-One Printer,2,0.4,484.45,-4.99
ORD-00892,2024-03-13,2024-03-17,Same Day,CUST-0176,Consumer,East,Bihar,Patna,Furniture,Chairs,Folding Chair,10,0.15,1319.32,-69.64
ORD-01757,2023-03-05,2023-03-10,Second Class,CUST-0282,Consumer,South,Karnataka,Mysore,Office Supplies,Labels,Address Labels,10,0.0,638.51,101.0
ORD-01316,2024-03-06,2024-03-10,Second Class,CUST-0208,Home Office,Central,Madhya Pradesh,Indore,Technology,Phones,Cordless Phone,8,0.5,2705.55,137.64
ORD-01365,2025-04-12,2025-04-17,Same Day,CUST-0299,Home Office,East,Bihar,Patna,Furniture,Bookcases,Wooden Bookcase,8,0.2,5162.23,-99.38
ORD-00616,2023-11-04,2023-11-09,Standard Class,CUST-0115,Home Office,North,Delhi,New Delhi,Office Supplies,Labels,Shipping Labels,4,0.0,357.96,125.05
ORD-00155,2023-12-03,2023-12-07,Second Class,CUST-0142,Home Office,East,Odisha,Bhubaneswar,Office Supplies,Labels,Shipping Labels,4,0.3,71.23,8.46
ORD-01194,2023-07-28,2023-07-29,Standard Class,CUST-0111,Consumer,West,Gujarat,Ahmedabad,Technology,Copiers,Desktop Copier,6,0.5,4080.97,-30.76
ORD-01714,2024-04-11,2024-04-18,Standard Class,CUST-0029,Corporate,South,Kerala,Trivandrum,Technology,Machines,Label Maker,4,0.0,1087.24,88.25
ORD-01998,2023-05-24,2023-05-31,Standard Class,CUST-0148,Consumer,South,Tamil Nadu,Chennai,Office Supplies,Binders,View Binder,10,0.1,1435.87,382.31
ORD-01781,2023-04-03,2023-04-08,Standard Class,CUST-0096,Consumer,Central,Chhattisgarh,Raipur,Office Supplies,Labels,Address Labels,5,0.2,226.7,29.86
ORD-00323,2024-06-25,2024-07-02,Second Class,CUST-0272,Corporate,North,Delhi,New Delhi,Office Supplies,Art,Sketch Pad,5,0.1,691.11,167.03
ORD-01548,2025-08-03,2025-08-04,First Class,CUST-0295,Consumer,South,Andhra Pradesh,Vijayawada,Furniture,Chairs,Ergonomic Chair,6,0.0,3509.61,209.11
ORD-01283,2025-06-20,2025-06-25,First Class,CUST-0110,Consumer,North,Haryana,Gurgaon,Furniture,Bookcases,Metal Bookcase,2,0.15,480.43,-31.63
ORD-00083,2025-08-25,2025-08-31,Standard Class,CUST-0025,Consumer,South,Andhra Pradesh,Visakhapatnam,Technology,Phones,Smartphone X200,1,0.5,578.96,-60.76
ORD-00513,2025-09-28,2025-10-03,Standard Class,CUST-0348,Corporate,West,Gujarat,Surat,Office Supplies,Labels,Shipping Labels,3,0.0,61.93,3.35
ORD-01527,2025-04-17,2025-04-21,Same Day,CUST-0170,Corporate,South,Tamil Nadu,Madurai,Office Supplies,Paper,A4 Copy Paper,7,0.5,726.7,51.74
ORD-01971,2025-12-04,2025-12-06,Same Day,CUST-0192,Corporate,East,Odisha,Bhubaneswar,Technology,Phones,Cordless Phone,8,0.1,5994.65,501.06
ORD-00930,2024-10-26,2024-11-02,First Class,CUST-0376,Home Office,Central,Chhattisgarh,Raipur,Technology,Copiers,All-in-One Printer,5,0.5,3663.57,248.12
ORD-01633,2024-07-02,2024-07-05,First Class,CUST-0192,Consumer,East,West Bengal,Howrah,Office Supplies,Labels,Shipping Labels,8,0.5,263.11,31.41
ORD-01358,2024-06-27,2024-06-28,Standard Class,CUST-0396,Consumer,North,Delhi,New Delhi,Office Supplies,Labels,Address Labels,1,0.0,41.4,14.18
ORD-00011,2025-11-18,2025-11-20,Standard Class,CUST-0345,Home Office,East,Jharkhand,Ranchi,Technology,Accessories,Power Bank,4,0.0,1075.89,69.33
ORD-00832,2024-10-30,2024-11-04,First Class,CUST-0055,Consumer,South,Kerala,Kochi,Furniture,Chairs,Ergonomic Chair,8,0.3,2207.26,-214.5
ORD-00033,2024-09-29,2024-09-30,Standard Class,CUST-0290,Consumer,Central,Madhya Pradesh,Indore,Technology,Copiers,All-in-One Printer,4,0.0,3085.32,535.93
ORD-01516,2024-09-12,2024-09-18,Second Class,CUST-0209,Home Office,East,Bihar,Patna,Office Supplies,Art,Marker Set,5,0.5,567.46,2.91
ORD-00414,2025-10-31,2025-11-02,Same Day,CUST-0265,Home Office,North,Haryana,Faridabad,Technology,Copiers,All-in-One Printer,4,0.1,2075.72,513.13
ORD-00581,2024-03-27,2024-04-02,Same Day,CUST-0270,Consumer,South,Kerala,Trivandrum,Furniture,Tables,Coffee Table,6,0.3,1360.48,67.59
ORD-01407,2024-06-21,2024-06-22,Same Day,CUST-0218,Home Office,North,Delhi,New Delhi,Office Supplies,Binders,Clip Binder,10,0.4,756.97,76.29
ORD-01551,2024-03-13,2024-03-15,Second Class,CUST-0222,Corporate,East,West Bengal,Kolkata,Technology,Phones,Smartphone X200,5,0.15,5240.05,1363.63
ORD-01629,2024-12-19,2024-12-21,Standard Class,CUST-0085,Corporate,North,Delhi,New Delhi,Office Supplies,Art,Marker Set,2,0.5,17.42,2.49
ORD-01907,2024-01-28,2024-01-30,First Class,CUST-0283,Consumer,South,Andhra Pradesh,Visakhapatnam,Office Supplies,Binders,3-Ring Binder,9,0.0,1272.19,228.14
ORD-00615,2023-05-27,2023-06-02,First Class,CUST-0023,Corporate,West,Rajasthan,Jaipur,Furniture,Bookcases,Glass Bookcase,6,0.4,1872.75,197.8
ORD-01046,2023-02-15,2023-02-20,Second Class,CUST-0058,Consumer,North,Haryana,Faridabad,Technology,Phones,Cordless Phone,3,0.2,1188.8,235.02
ORD-01403,2025-01-28,2025-02-01,Standard Class,CUST-0040,Consumer,East,West Bengal,Kolkata,Furniture,Tables,Conference Table,10,0.1,3715.73,87.51
ORD-01015,2023-04-08,2023-04-11,Second Class,CUST-0374,Consumer,East,West Bengal,Howrah,Office Supplies,Storage,Plastic Drawer,1,0.0,70.1,11.86
ORD-00090,2025-06-16,2025-06-17,Second Class,CUST-0272,Corporate,South,Tamil Nadu,Chennai,Technology,Machines,Label Maker,7,0.4,1394.96,174.7
ORD-01701,2024-06-26,2024-06-28,Second Class,CUST-0033,Corporate,East,Jharkhand,Ranchi,Furniture,Bookcases,Metal Bookcase,5,0.4,2324.31,233.24
ORD-00602,2023-09-23,2023-09-26,Second Class,CUST-0274,Home Office,North,Delhi,New Delhi,Office Supplies,Labels,Address Labels,6,0.1,285.15,13.29
ORD-01238,2025-11-04,2025-11-08,Same Day,CUST-0205,Consumer,East,Odisha,Bhubaneswar,Technology,Phones,Cordless Phone,8,0.0,2280.02,564.04
ORD-01839,2024-02-29,2024-03-02,First Class,CUST-0061,Consumer,West,Goa,Panaji,Furniture,Bookcases,Glass Bookcase,9,0.0,6465.34,691.74
ORD-00134,2023-12-14,2023-12-20,Second Class,CUST-0370,Home Office,West,Gujarat,Ahmedabad,Office Supplies,Storage,File Cabinet,8,0.15,223.43,9.62
ORD-01371,2025-01-03,2025-01-08,Standard Class,CUST-0127,Corporate,Central,Chhattisgarh,Raipur,Furniture,Bookcases,Wooden Bookcase,1,0.0,675.56,4.76
ORD-00556,2025-05-30,2025-06-01,Second Class,CUST-0051,Home Office,Central,Chhattisgarh,Raipur,Technology,Copiers,Desktop Copier,10,0.0,4989.73,-182.74
ORD-01032,2025-02-07,2025-02-12,Standard Class,CUST-0091,Home Office,South,Andhra Pradesh,Vijayawada,Technology,Machines,Label Maker,5,0.0,5973.72,-209.05
ORD-01567,2025-10-06,2025-10-07,Standard Class,CUST-0169,Consumer,West,Maharashtra,Mumbai,Furniture,Bookcases,Metal Bookcase,9,0.0,4055.03,-71.4
ORD-00321,2023-06-18,2023-06-20,First Class,CUST-0090,Corporate,Central,Madhya Pradesh,Indore,Office Supplies,Paper,Notebook,5,0.0,211.29,57.41
ORD-01772,2025-01-03,2025-01-09,Same Day,CUST-0152,Consumer,Central,Madhya Pradesh,Bhopal,Furniture,Bookcases,Wooden Bookcase,5,0.0,1001.21,31.35
ORD-01212,2024-04-17,2024-04-18,Same Day,CUST-0206,Consumer,South,Kerala,Trivandrum,Furniture,Tables,Round Meeting Table,8,0.0,5757.3,1081.48
ORD-01739,2023-08-19,2023-08-21,Same Day,CUST-0101,Corporate,Central,Madhya Pradesh,Indore,Furniture,Tables,Conference Table,9,0.4,6231.33,35.3
ORD-00635,2023-09-11,2023-09-18,Second Class,CUST-0049,Home Office,West,Goa,Panaji,Technology,Machines,Laminator,2,0.3,1686.67,95.6
ORD-00553,2023-11-30,2023-12-05,Same Day,CUST-0054,Corporate,West,Goa,Panaji,Technology,Copiers,All-in-One Printer,10,0.0,1641.09,262.33
ORD-01329,2025-11-17,2025-11-23,Standard Class,CUST-0362,Home Office,North,Uttar Pradesh,Kanpur,Technology,Phones,Phone Case,5,0.15,4564.4,112.47
ORD-01056,2025-07-29,2025-07-30,Standard Class,CUST-0182,Home Office,Central,Madhya Pradesh,Indore,Technology,Copiers,Desktop Copier,9,0.0,2519.0,-94.74
ORD-01560,2025-12-08,2025-12-15,Same Day,CUST-0132,Home Office,Central,Chhattisgarh,Raipur,Technology,Machines,Laminator,9,0.0,912.81,28.66
ORD-00797,2023-02-25,2023-03-01,Same Day,CUST-0018,Corporate,North,Uttar Pradesh,Lucknow,Office Supplies,Storage,Plastic Drawer,2,0.0,220.04,60.45
ORD-01719,2023-03-01,2023-03-02,First Class,CUST-0106,Consumer,West,Gujarat,Ahmedabad,Technology,Machines,Label Maker,10,0.0,3709.05,241.21
ORD-01265,2025-06-28,2025-07-04,First Class,CUST-0046,Corporate,Central,Chhattisgarh,Raipur,Furniture,Bookcases,Wooden Bookcase,1,0.0,647.3,94.9
ORD-01834,2024-08-19,2024-08-23,First Class,CUST-0058,Corporate,West,Rajasthan,Udaipur,Office Supplies,Art,Sketch Pad,1,0.4,112.96,23.17
ORD-00175,2023-12-26,2023-12-30,First Class,CUST-0031,Consumer,North,Delhi,New Delhi,Furniture,Tables,Round Meeting Table,9,0.0,4247.56,149.47
ORD-00767,2023-05-09,2023-05-13,First Class,CUST-0381,Corporate,East,West Bengal,Howrah,Furniture,Furnishings,Table Lamp,2,0.0,682.17,62.96
ORD-00246,2023-05-21,2023-05-22,Standard Class,CUST-0258,Corporate,Central,Chhattisgarh,Raipur,Office Supplies,Storage,Storage Box,10,0.0,709.4,122.12
ORD-01081,2024-11-23,2024-11-25,Standard Class,CUST-0111,Consumer,West,Rajasthan,Jaipur,Furniture,Tables,Computer Desk,9,0.0,8055.84,-370.08
ORD-01738,2023-12-17,2023-12-19,First Class,CUST-0183,Corporate,West,Rajasthan,Jaipur,Technology,Copiers,Desktop Copier,3,0.0,3301.0,115.75
ORD-00146,2025-10-04,2025-10-08,Standard Class,CUST-0294,Consumer,West,Goa,Panaji,Furniture,Chairs,Mesh Office Chair,5,0.4,469.96,5.36
ORD-00091,2025-03-26,2025-03-29,Same Day,CUST-0103,Consumer,East,Odisha,Bhubaneswar,Furniture,Tables,Coffee Table,9,0.15,3415.05,327.88
ORD-01417,2023-09-18,2023-09-25,Standard Class,CUST-0043,Corporate,North,Delhi,New Delhi,Furniture,Chairs,Ergonomic Chair,1,0.3,342.81,-33.42
ORD-00683,2023-11-21,2023-11-26,Standard Class,CUST-0133,Corporate,East,Jharkhand,Ranchi,Technology,Machines,Laminator,3,0.1,1431.31,1.69
ORD-00311,2023-09-18,2023-09-23,Same Day,CUST-0197,Consumer,North,Uttar Pradesh,Kanpur,Furniture,Bookcases,Glass Bookcase,2,0.3,1328.22,-66.88
ORD-01384,2024-05-08,2024-05-13,Second Class,CUST-0257,Consumer,South,Andhra Pradesh,Visakhapatnam,Technology,Accessories,Power Bank,1,0.0,992.32,-7.69
ORD-00094,2025-04-18,2025-04-25,Same Day,CUST-0258,Consumer,Central,Madhya Pradesh,Bhopal,Office Supplies,Binders,Clip Binder,8,0.5,373.69,1.71
ORD-01569,2024-07-27,2024-07-29,Same Day,CUST-0171,Corporate,East,Bihar,Patna,Technology,Accessories,USB Cable,8,0.15,2365.86,476.69
ORD-00925,2023-02-22,2023-02-28,Standard Class,CUST-0346,Home Office,West,Rajasthan,Udaipur,Technology,Machines,Laminator,10,0.15,7946.73,963.55
ORD-01687,2024-07-12,2024-07-16,Same Day,CUST-0268,Consumer,East,Jharkhand,Ranchi,Office Supplies,Binders,Clip Binder,2,0.4,165.7,2.64
ORD-01036,2025-07-30,2025-08-02,Standard Class,CUST-0241,Corporate,West,Maharashtra,Nagpur,Technology,Accessories,Wireless Mouse,2,0.0,2378.54,414.62
ORD-01401,2024-02-15,2024-02-16,Second Class,CUST-0217,Corporate,North,Delhi,New Delhi,Furniture,Chairs,Executive Leather Chair,9,0.15,2746.84,311.24
ORD-00244,2023-06-13,2023-06-18,First Class,CUST-0100,Consumer,North,Uttar Pradesh,Noida,Technology,Machines,Calculator,10,0.4,2213.74,183.2
ORD-01112,2025-12-28,2025-12-29,Standard Class,CUST-0084,Corporate,West,Rajasthan,Jaipur,Office Supplies,Storage,File Cabinet,1,0.3,26.54,2.34
ORD-00215,2024-12-03,2024-12-06,First Class,CUST-0345,Consumer,West,Gujarat,Ahmedabad,Office Supplies,Labels,Shipping Labels,9,0.1,944.78,205.25
ORD-01985,2023-07-02,2023-07-07,Same Day,CUST-0164,Corporate,South,Karnataka,Bangalore,Furniture,Chairs,Executive Leather Chair,2,0.3,1340.97,-28.95
ORD-01198,2023-03-03,2023-03-10,Second Class,CUST-0243,Consumer,East,Jharkhand,Ranchi,Furniture,Chairs,Folding Chair,6,0.0,4304.91,524.45
ORD-00999,2025-07-25,2025-08-01,Same Day,CUST-0138,Consumer,West,Gujarat,Ahmedabad,Office Supplies,Storage,File Cabinet,10,0.0,1259.43,430.39
ORD-00854,2023-06-02,2023-06-07,Standard Class,CUST-0186,Consumer,East,West Bengal,Howrah,Office Supplies,Storage,File Cabinet,1,0.0,46.35,15.27
ORD-00426,2025-10-26,2025-10-27,First Class,CUST-0224,Consumer,North,Punjab,Ludhiana,Office Supplies,Paper,A4 Copy Paper,10,0.3,1110.23,152.59
ORD-01764,2024-02-14,2024-02-18,First Class,CUST-0067,Consumer,Central,Madhya Pradesh,Bhopal,Technology,Machines,Laminator,7,0.1,5028.34,-139.69
ORD-01143,2023-12-21,2023-12-26,Same Day,CUST-0064,Corporate,Central,Chhattisgarh,Raipur,Office Supplies,Storage,File Cabinet,2,0.2,74.04,20.57
ORD-01144,2024-06-28,2024-06-30,Standard Class,CUST-0260,Corporate,North,Uttar Pradesh,Kanpur,Technology,Phones,Smartphone X200,7,0.0,6594.06,898.5
ORD-00227,2025-02-03,2025-02-04,Second Class,CUST-0083,Consumer,Central,Madhya Pradesh,Bhopal,Furniture,Chairs,Ergonomic Chair,9,0.2,4475.09,-165.87
ORD-01628,2024-04-15,2024-04-17,Same Day,CUST-0389,Corporate,Central,Madhya Pradesh,Bhopal,Office Supplies,Labels,Shipping Labels,2,0.0,192.72,31.91
ORD-00001,2023-08-17,2023-08-18,Same Day,CUST-0113,Corporate,East,Odisha,Bhubaneswar,Furniture,Chairs,Executive Leather Chair,10,0.5,3620.8,1.83
ORD-01419,2025-07-22,2025-07-29,Standard Class,CUST-0130,Corporate,Central,Madhya Pradesh,Bhopal,Office Supplies,Storage,Plastic Drawer,9,0.0,512.39,113.31
ORD-00402,2024-08-28,2024-09-02,Standard Class,CUST-0059,Home Office,North,Delhi,New Delhi,Technology,Phones,Phone Case,7,0.15,5871.81,1042.0
ORD-01429,2025-03-23,2025-03-30,Same Day,CUST-0044,Corporate,South,Andhra Pradesh,Visakhapatnam,Furniture,Tables,Computer Desk,7,0.5,2584.97,-380.51
ORD-01104,2025-02-28,2025-03-06,First Class,CUST-0398,Consumer,South,Karnataka,Mysore,Office Supplies,Binders,View Binder,6,0.3,726.59,91.89
ORD-00085,2023-05-19,2023-05-24,First Class,CUST-0069,Consumer,Central,Madhya Pradesh,Indore,Office Supplies,Binders,View Binder,7,0.0,292.46,78.93
ORD-00163,2024-05-23,2024-05-27,Same Day,CUST-0145,Corporate,East,Bihar,Patna,Technology,Machines,Laminator,9,0.5,2345.97,-404.51
ORD-00115,2025-09-28,2025-09-29,Second Class,CUST-0297,Consumer,Central,Chhattisgarh,Raipur,Office Supplies,Paper,Notebook,7,0.15,89.39,12.41
ORD-00671,2024-07-12,2024-07-13,Standard Class,CUST-0314,Corporate,West,Gujarat,Ahmedabad,Office Supplies,Paper,Sticky Notes,5,0.0,597.94,33.14
ORD-01175,2025-06-24,2025-06-28,Standard Class,CUST-0262,Corporate,Central,Chhattisgarh,Raipur,Technology,Machines,Label Maker,8,0.1,5547.69,1497.8
ORD-01529,2025-09-20,2025-09-24,Second Class,CUST-0183,Home Office,West,Maharashtra,Nagpur,Office Supplies,Storage,File Cabinet,9,0.2,1236.57,188.56
ORD-01519,2025-02-19,2025-02-26,First Class,CUST-0253,Consumer,Central,Chhattisgarh,Raipur,Furniture,Tables,Conference Table,8,0.0,4398.46,-207.69
ORD-01393,2024-06-12,2024-06-13,Standard Class,CUST-0199,Corporate,West,Gujarat,Surat,Office Supplies,Storage,Plastic Drawer,2,0.5,92.51,-2.01
ORD-00890,2023-06-07,2023-06-08,Standard Class,CUST-0016,Home Office,Central,Chhattisgarh,Raipur,Office Supplies,Binders,Clip Binder,9,0.5,902.26,-42.22
ORD-01502,2024-10-11,2024-10-18,Second Class,CUST-0382,Corporate,West,Gujarat,Ahmedabad,Furniture,Chairs,Executive Leather Chair,1,0.3,498.86,-8.41
ORD-00626,2023-09-03,2023-09-07,First Class,CUST-0233,Home Office,West,Goa,Panaji,Furniture,Tables,Conference Table,2,0.1,1695.79,189.66
ORD-01963,2025-07-18,2025-07-24,Standard Class,CUST-0268,Home Office,East,West Bengal,Kolkata,Office Supplies,Labels,Address Labels,1,0.5,62.43,5.82
ORD-00953,2023-09-24,2023-09-26,Same Day,CUST-0255,Home Office,East,West Bengal,Howrah,Office Supplies,Storage,Storage Box,1,0.1,104.76,3.67
ORD-00808,2023-07-06,2023-07-12,First Class,CUST-0099,Corporate,West,Rajasthan,Jaipur,Office Supplies,Storage,File Cabinet,5,0.2,178.77,32.14
ORD-00259,2024-12-31,2025-01-07,First Class,CUST-0178,Corporate,East,Jharkhand,Ranchi,Technology,Machines,Calculator,8,0.4,4718.07,215.11
ORD-00625,2023-12-12,2023-12-13,Standard Class,CUST-0367,Home Office,Central,Madhya Pradesh,Bhopal,Furniture,Furnishings,Table Lamp,6,0.4,1301.92,0.29
ORD-00827,2023-06-09,2023-06-14,First Class,CUST-0031,Consumer,East,Bihar,Patna,Furniture,Furnishings,Table Lamp,6,0.0,2110.75,417.98
ORD-00235,2025-09-24,2025-10-01,Second Class,CUST-0213,Corporate,West,Maharashtra,Nagpur,Furniture,Furnishings,Wall Clock,4,0.0,572.85,-6.11
ORD-00136,2024-02-16,2024-02-20,Second Class,CUST-0304,Home Office,East,Odisha,Bhubaneswar,Office Supplies,Storage,Plastic Drawer,8,0.15,904.47,124.71
ORD-00617,2025-10-28,2025-11-02,Second Class,CUST-0394,Corporate,Central,Chhattisgarh,Raipur,Technology,Phones,Phone Case,8,0.1,3216.37,-72.01
ORD-01964,2024-07-25,2024-07-28,First Class,CUST-0229,Home Office,South,Karnataka,Mysore,Technology,Copiers,Desktop Copier,3,0.5,1088.93,-167.7
ORD-00837,2025-03-11,2025-03-18,Standard Class,CUST-0255,Home Office,West,Maharashtra,Pune,Technology,Machines,Calculator,9,0.4,1658.51,128.34
ORD-00843,2025-10-23,2025-10-25,Same Day,CUST-0369,Home Office,South,Karnataka,Mysore,Technology,Machines,Calculator,7,0.1,5121.92,1024.96
ORD-00960,2025-05-21,2025-05-22,Second Class,CUST-0279,Home Office,East,Bihar,Patna,Furniture,Chairs,Executive Leather Chair,8,0.15,4298.12,-303.72
ORD-00593,2024-09-12,2024-09-13,Standard Class,CUST-0090,Home Office,Central,Chhattisgarh,Raipur,Office Supplies,Paper,Sticky Notes,8,0.5,1002.01,221.21
ORD-01315,2024-07-28,2024-08-04,Standard Class,CUST-0232,Home Office,West,Goa,Panaji,Technology,Machines,Laminator,8,0.5,1923.75,280.79
ORD-01526,2024-10-22,2024-10-28,First Class,CUST-0048,Home Office,South,Karnataka,Mysore,Office Supplies,Binders,View Binder,2,0.2,229.9,32.68
ORD-01292,2023-02-27,2023-03-06,First Class,CUST-0044,Home Office,West,Maharashtra,Mumbai,Technology,Machines,Laminator,4,0.0,3026.07,-138.87
ORD-00344,2025-04-12,2025-04-14,Same Day,CUST-0095,Corporate,South,Kerala,Trivandrum,Furniture,Chairs,Executive Leather Chair,8,0.0,5028.87,976.13
ORD-01651,2024-03-19,2024-03-23,Second Class,CUST-0106,Consumer,West,Maharashtra,Mumbai,Technology,Copiers,Desktop Copier,6,0.0,6253.63,764.47
ORD-01577,2024-06-13,2024-06-19,First Class,CUST-0125,Corporate,South,Tamil Nadu,Coimbatore,Technology,Machines,Calculator,3,0.2,2994.69,-311.04
ORD-00294,2024-05-27,2024-05-30,Standard Class,CUST-0394,Consumer,South,Tamil Nadu,Chennai,Furniture,Furnishings,Cushion,2,0.5,866.2,2.61
ORD-00365,2024-07-22,2024-07-27,Standard Class,CUST-0372,Consumer,East,Bihar,Patna,Technology,Accessories,USB Cable,2,0.1,1276.84,231.88
ORD-00179,2024-06-27,2024-06-29,Same Day,CUST-0052,Corporate,South,Tamil Nadu,Coimbatore,Office Supplies,Binders,View Binder,1,0.0,68.54,13.57
ORD-00660,2024-02-15,2024-02-17,Same Day,CUST-0358,Consumer,East,Bihar,Patna,Furniture,Tables,Computer Desk,7,0.2,1012.9,-89.91
ORD-00997,2023-03-03,2023-03-08,First Class,CUST-0333,Consumer,Central,Chhattisgarh,Raipur,Furniture,Chairs,Executive Leather Chair,5,0.0,1176.34,210.94
ORD-00015,2023-05-20,2023-05-26,Second Class,CUST-0136,Corporate,South,Andhra Pradesh,Vijayawada,Technology,Accessories,USB Cable,10,0.2,6580.1,963.83
ORD-01111,2024-12-21,2024-12-27,First Class,CUST-0106,Corporate,Central,Chhattisgarh,Raipur,Office Supplies,Binders,View Binder,4,0.0,485.15,59.56
ORD-01395,2025-01-18,2025-01-24,First Class,CUST-0062,Consumer,West,Rajasthan,Udaipur,Technology,Copiers,All-in-One Printer,5,0.0,3634.91,476.55
ORD-00166,2024-07-27,2024-07-28,Second Class,CUST-0122,Corporate,North,Punjab,Amritsar,Technology,Machines,Label Maker,2,0.3,1424.69,19.94
ORD-01882,2024-04-04,2024-04-08,Standard Class,CUST-0208,Corporate,South,Karnataka,Bangalore,Office Supplies,Art,Color Pencils,6,0.0,198.35,58.69
ORD-01360,2024-06-12,2024-06-17,Second Class,CUST-0279,Corporate,East,Bihar,Patna,Furniture,Chairs,Mesh Office Chair,6,0.0,1451.61,103.67
ORD-00060,2025-01-22,2025-01-27,Second Class,CUST-0036,Home Office,East,West Bengal,Howrah,Office Supplies,Paper,A4 Copy Paper,8,0.0,286.04,42.92
ORD-00710,2023-09-23,2023-09-30,Same Day,CUST-0343,Home Office,South,Karnataka,Bangalore,Technology,Phones,Phone Case,7,0.15,2254.49,3.27
ORD-00677,2023-03-01,2023-03-06,Same Day,CUST-0283,Home Office,South,Karnataka,Bangalore,Technology,Copiers,Desktop Copier,6,0.0,4615.92,648.71
ORD-01379,2024-03-26,2024-04-01,Second Class,CUST-0166,Consumer,North,Haryana,Gurgaon,Office Supplies,Art,Color Pencils,10,0.15,896.42,226.04
ORD-00781,2024-04-21,2024-04-23,Second Class,CUST-0118,Home Office,South,Kerala,Trivandrum,Office Supplies,Art,Marker Set,9,0.3,625.49,1.28
ORD-00425,2023-07-01,2023-07-08,Second Class,CUST-0385,Corporate,South,Tamil Nadu,Madurai,Technology,Machines,Calculator,2,0.5,1952.35,54.86
ORD-00293,2023-10-19,2023-10-23,Second Class,CUST-0233,Consumer,West,Maharashtra,Nagpur,Technology,Phones,Smartphone X200,10,0.3,1870.98,40.17
ORD-01066,2024-03-01,2024-03-07,Standard Class,CUST-0301,Consumer,Central,Chhattisgarh,Raipur,Furniture,Chairs,Ergonomic Chair,6,0.2,1879.18,-83.77
ORD-01793,2023-07-02,2023-07-03,Same Day,CUST-0022,Home Office,South,Tamil Nadu,Chennai,Office Supplies,Binders,View Binder,2,0.5,76.06,1.97
ORD-00330,2023-01-07,2023-01-11,Same Day,CUST-0390,Corporate,West,Maharashtra,Nagpur,Technology,Machines,Label Maker,5,0.0,5763.24,207.62
ORD-00430,2023-09-15,2023-09-18,Same Day,CUST-0318,Corporate,Central,Chhattisgarh,Raipur,Furniture,Tables,Computer Desk,6,0.3,2856.46,372.31
ORD-01013,2024-01-11,2024-01-12,Same Day,CUST-0020,Home Office,West,Rajasthan,Jaipur,Technology,Machines,Label Maker,5,0.0,1641.25,401.81
ORD-00080,2024-08-06,2024-08-13,Second Class,CUST-0103,Home Office,West,Gujarat,Ahmedabad,Office Supplies,Art,Marker Set,6,0.15,502.58,85.88
ORD-01053,2023-02-24,2023-03-01,Same Day,CUST-0091,Home Office,East,Odisha,Bhubaneswar,Furniture,Furnishings,Table Lamp,8,0.1,6942.35,170.23
ORD-00938,2024-05-08,2024-05-14,Second Class,CUST-0015,Corporate,North,Uttar Pradesh,Lucknow,Technology,Accessories,Power Bank,2,0.1,1116.94,191.36
ORD-00835,2024-05-13,2024-05-18,Second Class,CUST-0027,Consumer,South,Kerala,Kochi,Technology,Machines,Calculator,7,0.0,1012.6,261.89
ORD-00750,2024-05-01,2024-05-07,First Class,CUST-0083,Corporate,West,Rajasthan,Udaipur,Technology,Copiers,All-in-One Printer,3,0.15,880.75,226.31
ORD-00891,2023-08-07,2023-08-10,Same Day,CUST-0002,Home Office,West,Maharashtra,Nagpur,Furniture,Chairs,Mesh Office Chair,7,0.15,2364.88,297.41
ORD-00255,2025-01-07,2025-01-12,Same Day,CUST-0397,Home Office,Central,Chhattisgarh,Raipur,Furniture,Furnishings,Table Lamp,6,0.5,4035.34,-429.22
ORD-01814,2024-10-20,2024-10-23,Same Day,CUST-0242,Home Office,Central,Madhya Pradesh,Indore,Furniture,Bookcases,Metal Bookcase,4,0.5,2183.91,-208.38
ORD-01483,2023-10-02,2023-10-05,Second Class,CUST-0019,Home Office,East,West Bengal,Kolkata,Technology,Accessories,Power Bank,2,0.1,254.51,-3.34
ORD-01961,2024-12-31,2025-01-04,Standard Class,CUST-0244,Home Office,South,Tamil Nadu,Chennai,Office Supplies,Paper,A4 Copy Paper,9,0.1,289.92,79.14
ORD-01408,2025-05-15,2025-05-16,First Class,CUST-0275,Consumer,North,Uttar Pradesh,Noida,Office Supplies,Storage,Plastic Drawer,9,0.4,268.37,49.87
ORD-01338,2024-03-13,2024-03-14,Standard Class,CUST-0031,Consumer,South,Tamil Nadu,Coimbatore,Furniture,Bookcases,Metal Bookcase,4,0.5,1500.98,-152.23
ORD-01109,2025-11-04,2025-11-09,Standard Class,CUST-0228,Corporate,Central,Madhya Pradesh,Indore,Office Supplies,Paper,Notebook,5,0.4,422.84,99.78
ORD-00137,2024-01-04,2024-01-10,First Class,CUST-0338,Consumer,Central,Madhya Pradesh,Indore,Technology,Accessories,Power Bank,5,0.3,4663.55,-181.26
ORD-01136,2025-05-23,2025-05-24,First Class,CUST-0357,Home Office,Central,Madhya Pradesh,Indore,Technology,Phones,Phone Case,2,0.15,2026.93,61.18
ORD-01219,2025-01-03,2025-01-10,Second Class,CUST-0379,Home Office,Central,Madhya Pradesh,Bhopal,Office Supplies,Art,Color Pencils,9,0.5,1103.17,111.46
ORD-00853,2023-03-08,2023-03-15,First Class,CUST-0175,Corporate,East,Odisha,Bhubaneswar,Technology,Copiers,All-in-One Printer,1,0.0,395.24,118.46
ORD-01203,2025-04-26,2025-05-01,Standard Class,CUST-0111,Consumer,Central,Madhya Pradesh,Bhopal,Office Supplies,Paper,Notebook,7,0.5,744.82,-21.28
ORD-01888,2025-02-23,2025-03-02,First Class,CUST-0293,Consumer,North,Delhi,New Delhi,Technology,Phones,Phone Case,2,0.1,2192.56,306.39
ORD-00724,2023-04-08,2023-04-11,Second Class,CUST-0163,Corporate,West,Rajasthan,Jaipur,Furniture,Bookcases,Glass Bookcase,7,0.4,4297.97,361.72
ORD-00860,2023-09-29,2023-10-05,Standard Class,CUST-0212,Consumer,North,Punjab,Ludhiana,Technology,Phones,Phone Case,2,0.0,601.71,112.46
ORD-00970,2025-02-11,2025-02-14,First Class,CUST-0314,Corporate,North,Uttar Pradesh,Kanpur,Technology,Copiers,Desktop Copier,5,0.15,5324.89,472.42
ORD-00497,2023-07-13,2023-07-20,Same Day,CUST-0033,Home Office,Central,Madhya Pradesh,Indore,Office Supplies,Art,Sketch Pad,10,0.5,443.34,85.95
ORD-00951,2024-07-18,2024-07-20,Standard Class,CUST-0073,Corporate,West,Rajasthan,Udaipur,Technology,Machines,Label Maker,5,0.15,4886.23,886.4
ORD-00806,2024-04-05,2024-04-11,Second Class,CUST-0396,Home Office,South,Andhra Pradesh,Visakhapatnam,Technology,Accessories,Wireless Mouse,10,0.0,1363.14,247.8
ORD-00130,2023-10-23,2023-10-30,Same Day,CUST-0119,Consumer,West,Maharashtra,Pune,Furniture,Tables,Coffee Table,9,0.0,3168.17,238.24
ORD-00338,2024-03-02,2024-03-05,Same Day,CUST-0023,Consumer,North,Punjab,Ludhiana,Furniture,Furnishings,Photo Frame,3,0.2,595.03,-11.15
ORD-01999,2023-06-22,2023-06-29,Second Class,CUST-0202,Corporate,North,Uttar Pradesh,Kanpur,Furniture,Tables,Round Meeting Table,7,0.0,5475.59,-211.0
ORD-00609,2024-09-16,2024-09-17,Standard Class,CUST-0056,Home Office,Central,Chhattisgarh,Raipur,Technology,Machines,Label Maker,10,0.3,8050.35,1702.06
ORD-01149,2023-12-30,2024-01-02,Standard Class,CUST-0019,Consumer,North,Uttar Pradesh,Noida,Furniture,Tables,Conference Table,1,0.1,288.39,-7.76
ORD-00196,2025-08-22,2025-08-24,Standard Class,CUST-0241,Consumer,East,Odisha,Bhubaneswar,Technology,Phones,Smartphone X200,6,0.2,3009.19,136.93
ORD-01251,2025-07-13,2025-07-17,First Class,CUST-0182,Consumer,North,Punjab,Amritsar,Technology,Copiers,Desktop Copier,3,0.0,1445.24,33.73
ORD-01293,2023-03-18,2023-03-24,First Class,CUST-0292,Consumer,West,Rajasthan,Jaipur,Furniture,Furnishings,Cushion,1,,595.8,21.8
ORD-01980,2025-05-09,2025-05-13,Standard Class,CUST-0051,Corporate,West,Maharashtra,Pune,Technology,Machines,Laminator,8,0.2,437.11,-20.86
ORD-00910,2023-06-12,2023-06-16,Second Class,CUST-0240,Corporate,North,Punjab,Ludhiana,Technology,Phones,Smartphone X200,10,0.3,2745.49,296.11
ORD-00585,2023-06-15,2023-06-18,Same Day,CUST-0348,Corporate,South,Tamil Nadu,Coimbatore,Office Supplies,Paper,Notebook,7,,970.67,193.27
ORD-00104,2024-05-11,2024-05-12,Second Class,CUST-0266,Consumer,Central,Madhya Pradesh,Bhopal,Furniture,Furnishings,Cushion,7,0.4,1257.71,110.94
ORD-01851,2025-01-09,2025-01-12,Same Day,CUST-0322,Corporate,East,Odisha,Bhubaneswar,Office Supplies,Labels,Address Labels,1,0.4,95.23,6.56
ORD-01870,2025-07-22,2025-07-28,Same Day,CUST-0192,Home Office,North,Haryana,Gurgaon,Furniture,Tables,Conference Table,2,0.2,1124.03,87.3
ORD-00720,2024-04-05,2024-04-10,First Class,CUST-0183,Consumer,North,Delhi,New Delhi,Furniture,Furnishings,Photo Frame,7,0.15,845.35,123.58
ORD-00885,2023-11-21,2023-11-22,Same Day,CUST-0081,Corporate,South,Andhra Pradesh,Vijayawada,Office Supplies,Labels,Shipping Labels,4,0.4,507.98,110.03
ORD-00777,2025-07-03,2025-07-09,Standard Class,CUST-0168,Home Office,West,Gujarat,Surat,Office Supplies,Binders,Clip Binder,8,0.0,859.3,126.18
ORD-01570,2024-06-24,2024-07-01,Standard Class,CUST-0177,Corporate,East,West Bengal,Kolkata,Office Supplies,Labels,Shipping Labels,9,0.4,713.31,25.08
ORD-00850,2023-10-26,2023-10-29,Same Day,CUST-0397,Home Office,South,Karnataka,Mysore,Technology,Machines,Laminator,6,0.5,2791.04,-371.18
ORD-00895,2023-03-28,2023-03-30,Second Class,CUST-0394,Consumer,North,Punjab,Amritsar,Office Supplies,Art,Color Pencils,2,0.4,203.45,51.29
ORD-00228,2024-03-28,2024-04-02,Second Class,CUST-0344,Home Office,East,Odisha,Bhubaneswar,Furniture,Chairs,Ergonomic Chair,9,0.1,1222.01,136.13
ORD-01884,2024-04-03,2024-04-10,Second Class,CUST-0353,Home Office,South,Andhra Pradesh,Vijayawada,Office Supplies,Labels,Shipping Labels,7,0.2,466.07,89.16
ORD-01326,2025-11-08,2025-11-12,Standard Class,CUST-0193,Home Office,Central,Madhya Pradesh,Bhopal,Furniture,Chairs,Folding Chair,9,0.0,3437.97,684.1
ORD-01300,2024-07-09,2024-07-13,Same Day,CUST-0079,Consumer,North,Haryana,Faridabad,Technology,Copiers,All-in-One Printer,10,0.5,9062.13,438.23
ORD-00127,2025-12-20,2025-12-26,Standard Class,CUST-0192,Corporate,East,Bihar,Patna,Technology,Copiers,Desktop Copier,2,0.5,556.09,65.6
ORD-00406,2024-01-26,2024-01-27,Second Class,CUST-0151,Home Office,East,Jharkhand,Ranchi,Office Supplies,Art,Marker Set,2,0.4,47.7,10.87
ORD-00776,2023-09-04,2023-09-07,Same Day,CUST-0398,Consumer,North,Punjab,Amritsar,Furniture,Furnishings,Photo Frame,1,0.0,324.51,36.64
ORD-00822,2024-10-28,2024-11-04,First Class,CUST-0237,Consumer,South,Kerala,Kochi,Technology,Phones,Cordless Phone,3,0.1,2978.44,326.28
ORD-00712,2023-03-11,2023-03-18,Same Day,CUST-0061,Home Office,South,Karnataka,Mysore,Office Supplies,Binders,View Binder,8,0.3,399.42,21.75
ORD-01892,2023-04-10,2023-04-14,Same Day,CUST-0135,Home Office,East,West Bengal,Howrah,Office Supplies,Storage,Plastic Drawer,9,0.0,662.11,178.27
ORD-01061,2023-12-24,2023-12-28,Second Class,CUST-0321,Home Office,North,Haryana,Faridabad,Furniture,Furnishings,Cushion,7,0.0,923.1,37.28
ORD-01164,2024-11-20,2024-11-23,Standard Class,CUST-0371,Consumer,Central,Madhya Pradesh,Indore,Office Supplies,Storage,File Cabinet,4,0.5,28.37,0.45
ORD-00304,2023-08-28,2023-09-04,Standard Class,CUST-0399,Consumer,East,Bihar,Patna,Office Supplies,Art,Marker Set,8,0.15,449.84,49.8
ORD-00268,2024-04-21,2024-04-24,Same Day,CUST-0098,Home Office,Central,Chhattisgarh,Raipur,Technology,Accessories,USB Cable,7,0.4,6674.13,247.57
ORD-01558,2023-07-19,2023-07-20,Standard Class,CUST-0216,Home Office,South,Andhra Pradesh,Vijayawada,Technology,Accessories,Power Bank,1,0.3,964.8,31.99
ORD-00546,2025-08-04,2025-08-10,First Class,CUST-0176,Home Office,North,Haryana,Faridabad,Office Supplies,Labels,Shipping Labels,2,0.3,202.22,10.08
ORD-00213,2024-02-06,2024-02-08,Second Class,CUST-0256,Consumer,North,Uttar Pradesh,Lucknow,Office Supplies,Paper,Notebook,6,0.0,390.59,72.32
ORD-00897,2023-03-24,2023-03-25,Second Class,CUST-0120,Home Office,South,Kerala,Kochi,Technology,Copiers,Desktop Copier,6,0.5,4167.58,-154.27
ORD-01493,2024-11-17,2024-11-24,Second Class,CUST-0170,Corporate,West,Goa,Panaji,Office Supplies,Storage,File Cabinet,1,0.0,108.23,19.52
ORD-01223,2023-01-28,2023-02-02,Same Day,CUST-0100,Consumer,West,Goa,Panaji,Technology,Copiers,Desktop Copier,3,0.2,3119.89,287.92
ORD-00917,2023-10-12,2023-10-15,Second Class,CUST-0065,Consumer,Central,Chhattisgarh,Raipur,Technology,Phones,Phone Case,10,0.5,2724.27,-527.24
ORD-01552,2024-04-05,2024-04-08,Second Class,CUST-0187,Home Office,West,Goa,Panaji,Furniture,Bookcases,Glass Bookcase,1,0.0,240.73,27.94
ORD-00676,2024-08-09,2024-08-16,Same Day,CUST-0097,Home Office,West,Gujarat,Ahmedabad,Office Supplies,Storage,Storage Box,9,0.0,1040.63,255.92
ORD-01290,2024-12-01,2024-12-03,First Class,CUST-0126,Consumer,West,Maharashtra,Pune,Office Supplies,Art,Color Pencils,10,,342.52,90.76
ORD-00815,2023-01-07,2023-01-09,Same Day,CUST-0012,Home Office,East,Jharkhand,Ranchi,Office Supplies,Paper,A4 Copy Paper,2,0.0,128.48,21.24
ORD-01266,2024-05-04,2024-05-10,Standard Class,CUST-0374,Home Office,South,Kerala,Kochi,Office Supplies,Storage,File Cabinet,4,0.5,35.26,3.62
ORD-00343,2023-01-11,2023-01-15,Standard Class,CUST-0355,Home Office,North,Delhi,New Delhi,Technology,Phones,Cordless Phone,9,0.0,7660.36,945.25
ORD-00550,2024-02-11,2024-02-12,Standard Class,CUST-0231,Consumer,Central,Madhya Pradesh,Indore,Technology,Machines,Laminator,3,0.2,1760.7,39.71
ORD-01411,2023-01-14,2023-01-16,Standard Class,CUST-0085,Corporate,Central,Chhattisgarh,Raipur,Furniture,Furnishings,Wall Clock,8,0.1,5418.33,-33.8
ORD-01215,2023-07-30,2023-08-01,Standard Class,CUST-0098,Consumer,North,Uttar Pradesh,Lucknow,Office Supplies,Paper,A4 Copy Paper,1,0.5,23.77,1.06
ORD-00967,2025-06-15,2025-06-16,Same Day,CUST-0047,Home Office,Central,Madhya Pradesh,Bhopal,Furniture,Bookcases,Glass Bookcase,1,0.0,423.41,67.97
ORD-01231,2024-08-23,2024-08-30,Standard Class,CUST-0002,Home Office,Central,Chhattisgarh,Raipur,Office Supplies,Paper,Sticky Notes,9,0.1,399.19,99.87
ORD-00296,2025-10-16,2025-10-23,Second Class,CUST-0026,Consumer,West,Maharashtra,Nagpur,Office Supplies,Paper,A4 Copy Paper,10,0.0,707.92,151.64
ORD-00696,2025-04-27,2025-05-04,Second Class,CUST-0396,Consumer,South,Karnataka,Mysore,Technology,Accessories,USB Cable,8,0.15,7083.85,1033.02
ORD-01453,2025-05-25,2025-05-27,Second Class,CUST-0348,Corporate,Central,Madhya Pradesh,Bhopal,Technology,Copiers,Desktop Copier,10,0.3,6210.17,-193.1
ORD-00074,2024-10-23,2024-10-30,First Class,CUST-0040,Home Office,East,Odisha,Bhubaneswar,Furniture,Furnishings,Photo Frame,5,0.0,3664.95,101.16
ORD-00606,2025-01-01,2025-01-08,Same Day,CUST-0144,Consumer,South,Andhra Pradesh,Visakhapatnam,Office Supplies,Labels,Shipping Labels,4,0.5,148.89,8.04
ORD-00105,2024-10-27,2024-11-02,First Class,CUST-0116,Corporate,West,Goa,Panaji,Furniture,Furnishings,Cushion,9,0.15,3184.58,230.94
ORD-00646,2025-06-19,2025-06-23,Second Class,CUST-0086,Home Office,West,Rajasthan,Udaipur,Technology,Phones,Smartphone X200,9,0.2,7294.05,527.17
ORD-01405,2023-05-20,2023-05-21,Standard Class,CUST-0141,Home Office,East,West Bengal,Howrah,Furniture,Chairs,Folding Chair,7,0.1,2686.59,371.85
ORD-01968,2024-04-07,2024-04-13,First Class,CUST-0055,Corporate,Central,Chhattisgarh,Raipur,Furniture,Bookcases,Metal Bookcase,3,0.1,485.85,78.84
ORD-01041,2024-12-04,2024-12-10,Standard Class,CUST-0379,Home Office,Central,Chhattisgarh,Raipur,Technology,Accessories,USB Cable,9,0.5,8783.76,330.69
ORD-00440,2024-04-29,2024-04-30,Standard Class,CUST-0155,Home Office,Central,Chhattisgarh,Raipur,Technology,Copiers,Desktop Copier,2,0.0,968.01,213.89
ORD-01020,2023-04-12,2023-04-15,Standard Class,CUST-0002,Corporate,Central,Chhattisgarh,Raipur,Furniture,Chairs,Executive Leather Chair,1,0.1,859.13,148.16
ORD-00092,2023-10-05,2023-10-12,Second Class,CUST-0186,Home Office,North,Uttar Pradesh,Lucknow,Technology,Copiers,Desktop Copier,6,0.15,3910.71,605.08
ORD-01113,2023-10-13,2023-10-17,Second Class,CUST-0341,Consumer,North,Uttar Pradesh,Noida,Office Supplies,Labels,Address Labels,1,0.15,29.58,1.52
ORD-01759,2024-05-18,2024-05-22,First Class,CUST-0259,Corporate,Central,Madhya Pradesh,Indore,Technology,Copiers,Desktop Copier,3,0.0,2890.94,306.27
ORD-00909,2023-02-16,2023-02-20,Same Day,CUST-0056,Corporate,Central,Chhattisgarh,Raipur,Furniture,Tables,Computer Desk,8,0.2,2032.9,-1.08
ORD-01475,2024-11-30,2024-12-06,Second Class,CUST-0166,Home Office,West,Gujarat,Ahmedabad,Furniture,Furnishings,Cushion,4,0.2,2162.3,-137.39
ORD-00103,2025-01-24,2025-01-27,Same Day,CUST-0076,Home Office,North,Uttar Pradesh,Kanpur,Office Supplies,Binders,View Binder,8,0.1,776.47,159.22
ORD-00239,2023-03-21,2023-03-28,Same Day,CUST-0118,Corporate,Central,Madhya Pradesh,Bhopal,Office Supplies,Paper,Notebook,9,0.3,1106.15,111.85
ORD-01706,2024-08-26,2024-08-30,Second Class,CUST-0032,Corporate,Central,Madhya Pradesh,Indore,Technology,Machines,Label Maker,2,0.5,789.08,-116.05
ORD-00943,2025-09-28,2025-10-03,Standard Class,CUST-0104,Consumer,West,Goa,Panaji,Technology,Accessories,Keyboard,9,0.0,5987.14,1294.03
ORD-01271,2025-09-25,2025-09-26,Second Class,CUST-0200,Corporate,Central,Chhattisgarh,Raipur,Technology,Accessories,USB Cable,2,0.15,1283.48,-64.33
ORD-00939,2024-01-08,2024-01-10,First Class,CUST-0335,Corporate,South,Karnataka,Mysore,Furniture,Chairs,Ergonomic Chair,6,,3602.25,245.98
ORD-01696,2024-05-03,2024-05-07,Standard Class,CUST-0272,Corporate,Central,Madhya Pradesh,Indore,Office Supplies,Art,Color Pencils,10,0.5,888.89,135.84
ORD-01182,2025-10-13,2025-10-19,Standard Class,CUST-0370,Home Office,North,Uttar Pradesh,Kanpur,Technology,Copiers,Desktop Copier,2,0.0,2133.44,370.15
ORD-01504,2025-08-13,2025-08-14,Same Day,CUST-0161,Consumer,Central,Madhya Pradesh,Bhopal,Furniture,Tables,Conference Table,10,0.0,8914.72,-270.42
ORD-00006,2025-01-11,2025-01-13,Standard Class,CUST-0349,Home Office,South,Andhra Pradesh,Vijayawada,Furniture,Chairs,Mesh Office Chair,3,0.3,1991.55,77.61
ORD-01819,2023-02-08,2023-02-11,First Class,CUST-0294,Corporate,Central,Madhya Pradesh,Indore,Office Supplies,Labels,Address Labels,2,0.2,207.47,53.13
ORD-00966,2025-10-28,2025-11-03,Same Day,CUST-0260,Corporate,Central,Chhattisgarh,Raipur,Furniture,Furnishings,Cushion,5,0.2,2438.29,98.72
ORD-00019,2023-11-02,2023-11-07,Standard Class,CUST-0182,Home Office,North,Haryana,Gurgaon,Office Supplies,Paper,A4 Copy Paper,5,0.0,701.49,79.28
ORD-01431,2023-02-21,2023-02-26,Standard Class,CUST-0072,Home Office,South,Kerala,Kochi,Office Supplies,Binders,3-Ring Binder,5,0.3,313.58,48.74
ORD-00122,2023-03-22,2023-03-29,Second Class,CUST-0204,Consumer,North,Punjab,Ludhiana,Office Supplies,Paper,Sticky Notes,5,0.0,36.12,9.98
ORD-00662,2024-12-11,2024-12-15,Second Class,CUST-0023,Consumer,Central,Madhya Pradesh,Bhopal,Technology,Accessories,Wireless Mouse,6,0.3,282.99,-29.65
ORD-01831,2024-06-13,2024-06-16,Same Day,CUST-0298,Consumer,North,Punjab,Amritsar,Office Supplies,Storage,Plastic Drawer,1,0.1,72.65,6.51
ORD-00275,2025-05-31,2025-06-07,First Class,CUST-0004,Corporate,East,Odisha,Bhubaneswar,Office Supplies,Labels,Shipping Labels,6,0.0,419.32,95.91
ORD-00434,2023-06-08,2023-06-13,Standard Class,CUST-0114,Home Office,North,Uttar Pradesh,Kanpur,Furniture,Bookcases,Metal Bookcase,10,0.0,3735.32,-70.26
ORD-00812,2025-03-03,2025-03-06,Same Day,CUST-0105,Consumer,North,Punjab,Ludhiana,Furniture,Bookcases,Wooden Bookcase,1,0.15,739.82,-35.62
ORD-01301,2025-03-19,2025-03-26,Same Day,CUST-0143,Corporate,North,Delhi,New Delhi,Technology,Accessories,Power Bank,2,0.2,307.94,12.27
ORD-01336,2024-11-16,2024-11-19,Second Class,CUST-0034,Corporate,North,Punjab,Amritsar,Office Supplies,Storage,Plastic Drawer,7,0.1,211.73,25.45
ORD-01871,2023-07-27,2023-07-29,Second Class,CUST-0096,Corporate,South,Kerala,Trivandrum,Furniture,Chairs,Folding Chair,4,0.5,2815.89,188.69
ORD-01894,2024-02-14,2024-02-15,Second Class,CUST-0348,Consumer,West,Rajasthan,Udaipur,Technology,Phones,Smartphone X200,7,0.3,970.81,-73.46
ORD-01571,2023-02-10,2023-02-17,Standard Class,CUST-0027,Corporate,East,Bihar,Patna,Office Supplies,Binders,Clip Binder,10,0.15,856.0,123.32
ORD-00182,2023-07-16,2023-07-17,First Class,CUST-0042,Corporate,West,Goa,Panaji,Furniture,Bookcases,Wooden Bookcase,7,0.4,935.43,-74.91
ORD-00185,2023-06-11,2023-06-15,First Class,CUST-0164,Home Office,North,Punjab,Ludhiana,Office Supplies,Paper,A4 Copy Paper,4,0.3,84.8,20.08
ORD-00407,2025-03-13,2025-03-14,Same Day,CUST-0119,Home Office,East,West Bengal,Kolkata,Technology,Copiers,All-in-One Printer,8,0.15,5252.12,395.71
ORD-00866,2025-12-18,2025-12-19,Same Day,CUST-0343,Home Office,South,Tamil Nadu,Coimbatore,Technology,Copiers,All-in-One Printer,1,0.3,812.19,60.49
ORD-01631,2025-11-24,2025-11-25,Second Class,CUST-0335,Corporate,West,Maharashtra,Nagpur,Furniture,Furnishings,Table Lamp,1,0.4,783.51,-101.09
ORD-00521,2025-12-26,2026-01-02,Standard Class,CUST-0263,Corporate,Central,Madhya Pradesh,Bhopal,Office Supplies,Labels,Shipping Labels,9,0.0,568.11,125.88
ORD-01004,2025-08-02,2025-08-05,Second Class,CUST-0144,Consumer,East,Bihar,Patna,Office Supplies,Art,Sketch Pad,5,0.15,488.43,36.86
ORD-00381,2024-07-12,2024-07-14,Same Day,CUST-0187,Home Office,North,Haryana,Faridabad,Technology,Accessories,USB Cable,8,0.2,8128.98,1790.24
ORD-01435,2023-03-27,2023-03-28,First Class,CUST-0013,Home Office,West,Gujarat,Ahmedabad,Furniture,Bookcases,Wooden Bookcase,7,0.4,3782.18,-148.0
ORD-01659,2024-11-09,2024-11-14,Standard Class,CUST-0184,Consumer,North,Delhi,New Delhi,Technology,Phones,Cordless Phone,7,0.0,3673.64,67.18
ORD-01394,2023-12-02,2023-12-08,Second Class,CUST-0128,Corporate,West,Goa,Panaji,Furniture,Furnishings,Photo Frame,4,0.4,2797.11,-235.6
ORD-01425,2025-05-04,2025-05-08,First Class,CUST-0400,Corporate,North,Punjab,Amritsar,Office Supplies,Paper,Notebook,1,0.0,122.56,21.9
ORD-01613,2024-09-15,2024-09-18,Second Class,CUST-0009,Home Office,West,Maharashtra,Pune,Technology,Machines,Label Maker,4,0.5,3104.43,-75.88
ORD-00428,2024-01-07,2024-01-08,Second Class,CUST-0253,Home Office,North,Haryana,Faridabad,Furniture,Bookcases,Wooden Bookcase,7,0.0,5685.88,-210.55
ORD-00079,2024-08-28,2024-09-04,Second Class,CUST-0228,Home Office,North,Delhi,New Delhi,Technology,Accessories,Power Bank,3,0.0,2810.29,128.49
ORD-01598,2023-04-24,2023-04-28,First Class,CUST-0091,Home Office,East,Jharkhand,Ranchi,Furniture,Bookcases,Metal Bookcase,3,0.2,1269.9,-13.3
ORD-01010,2024-04-10,2024-04-17,Standard Class,CUST-0259,Home Office,West,Maharashtra,Nagpur,Furniture,Tables,Round Meeting Table,1,0.0,459.15,-22.43
ORD-01976,2024-07-22,2024-07-28,Second Class,CUST-0041,Corporate,Central,Madhya Pradesh,Indore,Office Supplies,Storage,Storage Box,7,0.3,108.0,28.42
ORD-01662,2023-04-06,2023-04-13,Standard Class,CUST-0114,Consumer,North,Delhi,New Delhi,Office Supplies,Paper,Sticky Notes,6,0.4,359.74,48.8
ORD-00608,2023-03-11,2023-03-14,Same Day,CUST-0273,Consumer,East,Jharkhand,Ranchi,Furniture,Chairs,Folding Chair,10,0.4,3474.48,-413.1
ORD-01890,2025-08-08,2025-08-10,First Class,CUST-0200,Home Office,West,Gujarat,Ahmedabad,Furniture,Bookcases,Metal Bookcase,10,0.4,7261.62,-127.81
ORD-01996,2024-08-13,2024-08-17,Second Class,CUST-0036,Corporate,North,Punjab,Amritsar,Office Supplies,Art,Marker Set,6,0.0,244.94,25.42
ORD-01826,2025-01-13,2025-01-18,Standard Class,CUST-0239,Home Office,West,Maharashtra,Nagpur,Technology,Machines,Label Maker,8,0.4,7447.69,-340.68
ORD-01058,2023-11-09,2023-11-11,Second Class,CUST-0092,Home Office,South,Tamil Nadu,Madurai,Furniture,Bookcases,Metal Bookcase,3,0.0,1091.42,141.16
ORD-01441,2024-10-06,2024-10-09,Standard Class,CUST-0154,Corporate,East,West Bengal,Kolkata,Technology,Phones,Smartphone X200,7,0.2,2986.26,414.73
ORD-01515,2025-01-12,2025-01-14,Same Day,CUST-0185,Home Office,North,Delhi,New Delhi,Furniture,Chairs,Mesh Office Chair,1,0.5,631.5,-80.84
ORD-01586,2024-06-15,2024-06-18,Standard Class,CUST-0370,Consumer,West,Gujarat,Ahmedabad,Furniture,Furnishings,Photo Frame,2,0.0,599.34,63.07
ORD-01092,2025-02-12,2025-02-19,First Class,CUST-0213,Consumer,Central,Chhattisgarh,Raipur,Technology,Machines,Laminator,8,0.3,7930.39,-761.45
ORD-01561,2025-05-29,2025-06-02,Same Day,CUST-0331,Consumer,East,West Bengal,Kolkata,Office Supplies,Binders,Clip Binder,4,0.15,30.42,5.8
ORD-01102,2024-12-13,2024-12-15,Standard Class,CUST-0182,Home Office,South,Kerala,Kochi,Technology,Copiers,Desktop Copier,2,0.0,851.27,221.04
ORD-01130,2025-07-26,2025-07-31,Standard Class,CUST-0092,Consumer,East,Jharkhand,Ranchi,Technology,Machines,Label Maker,6,0.0,5504.21,1304.69
ORD-01236,2025-04-23,2025-04-30,Second Class,CUST-0012,Corporate,West,Maharashtra,Pune,Furniture,Tables,Computer Desk,8,0.1,2319.83,-146.7
ORD-01769,2023-03-03,2023-03-06,Same Day,CUST-0315,Home Office,South,Karnataka,Mysore,Furniture,Furnishings,Cushion,10,0.5,2103.12,-203.27
ORD-00959,2023-11-17,2023-11-24,First Class,CUST-0207,Corporate,West,Rajasthan,Udaipur,Office Supplies,Art,Marker Set,2,0.0,28.58,5.5
ORD-01663,2025-06-30,2025-07-03,First Class,CUST-0068,Consumer,Central,Madhya Pradesh,Bhopal,Furniture,Bookcases,Metal Bookcase,9,0.4,6419.42,-645.58
ORD-00560,2023-06-06,2023-06-08,Standard Class,CUST-0082,Home Office,West,Goa,Panaji,Technology,Copiers,Desktop Copier,3,0.0,2425.85,93.91
ORD-00847,2024-02-15,2024-02-16,Same Day,CUST-0105,Home Office,West,Maharashtra,Pune,Technology,Accessories,Power Bank,1,0.0,890.67,58.99
ORD-01749,2025-03-03,2025-03-07,Standard Class,CUST-0332,Corporate,Central,Chhattisgarh,Raipur,Furniture,Chairs,Ergonomic Chair,6,0.5,3940.71,-583.47
ORD-00691,2024-01-10,2024-01-12,Same Day,CUST-0088,Consumer,North,Punjab,Ludhiana,Office Supplies,Labels,Shipping Labels,6,0.1,427.32,32.64
ORD-01520,2023-09-29,2023-10-04,First Class,CUST-0098,Home Office,West,Maharashtra,Nagpur,Furniture,Tables,Computer Desk,1,0.15,112.91,6.74
ORD-01942,2025-12-16,2025-12-17,Standard Class,CUST-0086,Corporate,North,Punjab,Ludhiana,Furniture,Furnishings,Cushion,4,0.2,719.8,59.26
ORD-01869,2023-12-06,2023-12-10,Same Day,CUST-0227,Corporate,North,Haryana,Faridabad,Furniture,Bookcases,Metal Bookcase,6,0.0,1428.98,-49.5
ORD-00437,2025-12-27,2026-01-01,Second Class,CUST-0025,Corporate,East,Jharkhand,Ranchi,Office Supplies,Binders,Clip Binder,7,0.5,380.78,22.25
ORD-00491,2025-07-22,2025-07-24,Same Day,CUST-0031,Corporate,Central,Chhattisgarh,Raipur,Technology,Phones,Phone Case,6,0.4,1013.67,-64.27
ORD-00675,2025-04-01,2025-04-06,Same Day,CUST-0254,Corporate,West,Rajasthan,Jaipur,Office Supplies,Labels,Shipping Labels,6,,543.64,92.28
ORD-01895,2024-03-11,2024-03-17,Second Class,CUST-0217,Home Office,North,Punjab,Amritsar,Technology,Accessories,USB Cable,6,0.4,3394.72,533.79
ORD-01630,2024-04-07,2024-04-11,First Class,CUST-0261,Corporate,North,Uttar Pradesh,Noida,Furniture,Chairs,Folding Chair,8,0.15,2431.71,338.5
ORD-01388,2024-08-16,2024-08-20,Same Day,CUST-0365,Corporate,East,Odisha,Bhubaneswar,Furniture,Chairs,Folding Chair,6,0.0,1443.39,169.63
ORD-00070,2024-09-09,2024-09-11,Standard Class,CUST-0204,Home Office,South,Kerala,Trivandrum,Office Supplies,Binders,3-Ring Binder,8,0.1,236.49,66.22
ORD-01573,2023-02-20,2023-02-27,Same Day,CUST-0035,Consumer,South,Tamil Nadu,Madurai,Technology,Machines,Calculator,7,0.3,3372.23,266.35
ORD-00809,2025-11-26,2025-12-02,First Class,CUST-0105,Corporate,West,Rajasthan,Udaipur,Technology,Copiers,Desktop Copier,10,0.15,8933.03,1385.05
ORD-01185,2024-02-20,2024-02-26,Standard Class,CUST-0094,Corporate,Central,Chhattisgarh,Raipur,Office Supplies,Art,Marker Set,9,0.4,428.73,59.12
ORD-00012,2023-07-21,2023-07-22,Standard Class,CUST-0026,Home Office,West,Rajasthan,Jaipur,Furniture,Tables,Computer Desk,9,0.1,3909.84,581.09
ORD-00145,2023-12-21,2023-12-26,Same Day,CUST-0210,Home Office,South,Andhra Pradesh,Visakhapatnam,Furniture,Tables,Conference Table,8,0.4,4138.93,-396.78
ORD-00918,2024-11-08,2024-11-15,First Class,CUST-0232,Home Office,North,Punjab,Amritsar,Technology,Machines,Calculator,5,0.5,3172.36,-527.86
ORD-01542,2023-04-21,2023-04-25,Same Day,CUST-0233,Consumer,West,Gujarat,Surat,Furniture,Bookcases,Wooden Bookcase,6,0.0,3401.21,-76.71
ORD-01452,2023-08-08,2023-08-11,Second Class,CUST-0261,Consumer,North,Uttar Pradesh,Lucknow,Technology,Phones,Phone Case,8,0.2,7140.98,-389.53
ORD-00640,2023-06-08,2023-06-12,Second Class,CUST-0384,Home Office,South,Tamil Nadu,Chennai,Technology,Phones,Smartphone X200,4,0.3,345.51,17.22
ORD-00177,2023-12-23,2023-12-29,Standard Class,CUST-0094,Home Office,Central,Chhattisgarh,Raipur,Technology,Accessories,Power Bank,5,0.0,1271.82,72.04
ORD-00995,2024-04-08,2024-04-13,Second Class,CUST-0089,Home Office,West,Gujarat,Ahmedabad,Furniture,Chairs,Mesh Office Chair,2,0.3,1616.11,193.91
ORD-00441,2025-06-03,2025-06-04,Standard Class,CUST-0174,Home Office,North,Delhi,New Delhi,Office Supplies,Art,Sketch Pad,2,0.0,129.22,24.46
ORD-00522,2025-10-28,2025-11-03,First Class,CUST-0069,Corporate,Central,Chhattisgarh,Raipur,Furniture,Bookcases,Glass Bookcase,5,0.1,2583.9,7.65
ORD-01984,2025-06-03,2025-06-10,Second Class,CUST-0029,Consumer,East,West Bengal,Kolkata,Office Supplies,Art,Marker Set,5,0.0,721.07,209.13
ORD-01946,2025-01-18,2025-01-25,Standard Class,CUST-0274,Corporate,South,Kerala,Kochi,Office Supplies,Art,Marker Set,2,0.15,39.65,2.48
ORD-01713,2023-10-22,2023-10-27,Standard Class,CUST-0209,Consumer,West,Goa,Panaji,Technology,Accessories,Wireless Mouse,1,0.1,549.18,-48.33
ORD-01005,2025-04-04,2025-04-06,Standard Class,CUST-0284,Corporate,West,Rajasthan,Jaipur,Furniture,Tables,Coffee Table,6,0.15,2865.15,287.24
ORD-01256,2025-09-04,2025-09-11,First Class,CUST-0312,Consumer,West,Goa,Panaji,Office Supplies,Labels,Address Labels,6,0.1,395.21,32.33
ORD-01235,2023-03-10,2023-03-11,First Class,CUST-0121,Corporate,South,Andhra Pradesh,Visakhapatnam,Technology,Accessories,USB Cable,1,0.4,85.5,-2.22
ORD-01665,2024-01-21,2024-01-28,Same Day,CUST-0001,Home Office,West,Gujarat,Ahmedabad,Technology,Machines,Label Maker,8,,7934.78,-832.32
ORD-00144,2024-09-01,2024-09-06,Second Class,CUST-0250,Home Office,Central,Madhya Pradesh,Bhopal,Office Supplies,Binders,3-Ring Binder,5,0.3,269.04,8.44
ORD-00754,2025-11-25,2025-11-29,Second Class,CUST-0211,Corporate,South,Andhra Pradesh,Vijayawada,Technology,Accessories,Power Bank,10,0.0,9078.67,2000.35
ORD-00520,2023-08-29,2023-09-02,Same Day,CUST-0254,Home Office,North,Uttar Pradesh,Noida,Technology,Phones,Smartphone X200,10,0.0,3831.05,751.98
ORD-00614,2024-04-11,2024-04-12,First Class,CUST-0349,Corporate,East,Bihar,Patna,Technology,Machines,Calculator,1,0.4,122.41,-12.04
ORD-01323,2023-04-11,2023-04-13,Second Class,CUST-0119,Home Office,West,Goa,Panaji,Office Supplies,Art,Color Pencils,10,0.4,91.82,12.06
ORD-00823,2025-07-20,2025-07-22,Same Day,CUST-0269,Corporate,North,Punjab,Ludhiana,Technology,Phones,Smartphone X200,7,0.4,4054.68,148.35
ORD-00429,2025-10-30,2025-11-03,Second Class,CUST-0391,Home Office,North,Haryana,Gurgaon,Office Supplies,Art,Color Pencils,7,0.0,64.34,21.81
ORD-00613,2024-07-19,2024-07-22,Standard Class,CUST-0284,Home Office,West,Gujarat,Ahmedabad,Technology,Accessories,Wireless Mouse,10,0.0,8027.91,1059.33
ORD-01506,2023-01-01,2023-01-04,Standard Class,CUST-0142,Home Office,West,Goa,Panaji,Technology,Copiers,Desktop Copier,10,0.3,1848.6,-18.54
ORD-01033,2024-03-13,2024-03-18,Standard Class,CUST-0034,Corporate,East,Odisha,Bhubaneswar,Furniture,Tables,Round Meeting Table,5,0.1,740.68,83.54
ORD-00157,2025-10-20,2025-10-26,Standard Class,CUST-0301,Consumer,Central,Madhya Pradesh,Bhopal,Office Supplies,Storage,Storage Box,7,0.0,611.91,205.81
ORD-00540,2023-03-08,2023-03-10,First Class,CUST-0385,Corporate,East,West Bengal,Kolkata,Technology,Copiers,Desktop Copier,1,0.2,56.17,3.38
ORD-01531,2024-08-19,2024-08-24,First Class,CUST-0037,Corporate,West,Gujarat,Surat,Office Supplies,Storage,Storage Box,2,0.2,178.09,34.54
ORD-01461,2024-05-09,2024-05-12,First Class,CUST-0330,Corporate,Central,Chhattisgarh,Raipur,Technology,Machines,Laminator,3,0.0,1431.03,-97.02
ORD-01291,2023-11-13,2023-11-15,First Class,CUST-0374,Corporate,West,Gujarat,Ahmedabad,Office Supplies,Art,Sketch Pad,8,0.5,960.08,-38.28
ORD-00462,2025-06-03,2025-06-07,Same Day,CUST-0211,Home Office,West,Gujarat,Ahmedabad,Office Supplies,Binders,3-Ring Binder,3,0.0,288.22,76.87
ORD-00577,2023-12-17,2023-12-24,Second Class,CUST-0162,Home Office,South,Kerala,Trivandrum,Technology,Machines,Calculator,1,0.4,752.88,71.65
ORD-01363,2025-11-10,2025-11-13,Same Day,CUST-0063,Home Office,West,Goa,Panaji,Office Supplies,Paper,Notebook,2,0.4,210.06,54.87
ORD-00256,2025-07-04,2025-07-05,First Class,CUST-0364,Corporate,West,Rajasthan,Udaipur,Technology,Accessories,Wireless Mouse,6,0.0,3092.93,78.54
ORD-00980,2025-04-21,2025-04-27,Second Class,CUST-0153,Home Office,South,Tamil Nadu,Madurai,Technology,Machines,Label Maker,6,0.0,352.98,7.22
ORD-01186,2023-01-31,2023-02-06,Second Class,CUST-0084,Consumer,Central,Chhattisgarh,Raipur,Office Supplies,Labels,Address Labels,1,0.1,40.98,2.89
ORD-01007,2025-03-28,2025-03-30,First Class,CUST-0003,Consumer,East,Jharkhand,Ranchi,Furniture,Furnishings,Wall Clock,4,0.0,3033.48,229.86
ORD-01522,2023-03-31,2023-04-03,First Class,CUST-0022,Home Office,Central,Madhya Pradesh,Bhopal,Furniture,Bookcases,Wooden Bookcase,7,0.15,4827.93,158.3
ORD-01690,2024-06-21,2024-06-23,Standard Class,CUST-0360,Consumer,Central,Chhattisgarh,Raipur,Office Supplies,Storage,Storage Box,7,0.5,102.86,12.02
ORD-00561,2024-06-05,2024-06-06,First Class,CUST-0247,Consumer,South,Tamil Nadu,Madurai,Furniture,Tables,Computer Desk,6,0.1,1013.42,-49.8
ORD-00209,2024-05-24,2024-05-28,First Class,CUST-0026,Home Office,East,Jharkhand,Ranchi,Technology,Phones,Smartphone X200,3,0.0,1860.63,-6.78
ORD-00911,2024-12-07,2024-12-11,Same Day,CUST-0151,Home Office,North,Punjab,Ludhiana,Office Supplies,Binders,View Binder,9,0.0,390.3,57.34
ORD-01312,2025-11-23,2025-11-25,Standard Class,CUST-0240,Home Office,North,Uttar Pradesh,Lucknow,Technology,Phones,Cordless Phone,7,0.0,5640.49,630.9
ORD-00002,2024-07-23,2024-07-30,Standard Class,CUST-0374,Corporate,North,Punjab,Amritsar,Office Supplies,Storage,Storage Box,4,0.0,215.22,32.97
ORD-01366,2024-07-19,2024-07-24,First Class,CUST-0222,Corporate,Central,Chhattisgarh,Raipur,Office Supplies,Labels,Shipping Labels,9,0.0,1284.28,105.04
ORD-00270,2023-02-08,2023-02-13,First Class,CUST-0057,Consumer,East,Odisha,Bhubaneswar,Technology,Phones,Phone Case,9,0.5,6393.16,-230.65
ORD-00266,2024-09-03,2024-09-05,Same Day,CUST-0353,Home Office,East,West Bengal,Kolkata,Furniture,Tables,Coffee Table,6,0.3,504.26,44.01
ORD-00915,2023-09-01,2023-09-05,Second Class,CUST-0093,Consumer,West,Maharashtra,Pune,Office Supplies,Paper,Sticky Notes,9,0.2,222.07,27.28
ORD-00231,2023-06-06,2023-06-12,First Class,CUST-0069,Corporate,North,Delhi,New Delhi,Technology,Copiers,Desktop Copier,1,0.4,1054.71,-24.26
ORD-01979,2024-03-24,2024-03-29,First Class,CUST-0400,Corporate,Central,Madhya Pradesh,Bhopal,Office Supplies,Labels,Address Labels,1,0.0,124.22,6.46
ORD-01120,2025-12-30,2026-01-01,Second Class,CUST-0047,Consumer,East,West Bengal,Howrah,Furniture,Tables,Conference Table,6,0.0,4064.98,-199.87
ORD-01974,2024-03-11,2024-03-15,First Class,CUST-0223,Home Office,Central,Madhya Pradesh,Bhopal,Furniture,Tables,Conference Table,2,0.3,1371.09,-34.83
ORD-00865,2025-11-23,2025-11-30,Second Class,CUST-0322,Corporate,East,Jharkhand,Ranchi,Furniture,Chairs,Mesh Office Chair,5,0.5,1218.56,77.94
ORD-01067,2024-12-21,2024-12-28,Same Day,CUST-0203,Corporate,North,Haryana,Faridabad,Office Supplies,Storage,File Cabinet,10,0.0,1209.33,60.9
ORD-00874,2025-12-27,2026-01-02,Same Day,CUST-0047,Home Office,Central,Madhya Pradesh,Indore,Office Supplies,Paper,Notebook,8,0.0,341.87,47.4
ORD-01798,2023-09-23,2023-09-28,Same Day,CUST-0281,Home Office,West,Goa,Panaji,Furniture,Furnishings,Photo Frame,3,0.1,2067.14,14.7
ORD-00399,2024-06-06,2024-06-08,First Class,CUST-0351,Home Office,South,Andhra Pradesh,Vijayawada,Furniture,Tables,Computer Desk,7,0.0,5034.29,-99.93
ORD-01829,2025-05-18,2025-05-25,Second Class,CUST-0141,Corporate,East,Jharkhand,Ranchi,Technology,Machines,Calculator,8,0.15,5820.71,55.58
ORD-01653,2023-03-22,2023-03-26,Standard Class,CUST-0316,Corporate,Central,Madhya Pradesh,Bhopal,Furniture,Furnishings,Wall Clock,7,0.2,5822.67,-306.64
ORD-00046,2024-01-20,2024-01-25,Second Class,CUST-0364,Consumer,East,Jharkhand,Ranchi,Furniture,Tables,Conference Table,9,0.4,1484.45,-147.92
ORD-00162,2025-11-08,2025-11-09,Same Day,CUST-0115,Corporate,North,Delhi,New Delhi,Furniture,Furnishings,Cushion,7,0.0,5842.1,515.37
ORD-00992,2025-01-06,2025-01-09,First Class,CUST-0124,Home Office,East,Jharkhand,Ranchi,Technology,Accessories,Keyboard,2,0.5,965.41,58.28
ORD-00728,2024-03-18,2024-03-20,Same Day,CUST-0383,Corporate,North,Haryana,Gurgaon,Furniture,Furnishings,Photo Frame,7,0.0,3753.29,607.94
ORD-00630,2025-09-12,2025-09-15,Second Class,CUST-0397,Corporate,North,Punjab,Ludhiana,Office Supplies,Art,Sketch Pad,6,0.2,375.65,42.93
ORD-00289,2024-06-30,2024-07-05,Same Day,CUST-0243,Consumer,Central,Madhya Pradesh,Bhopal,Furniture,Chairs,Folding Chair,2,0.4,1133.93,54.43
ORD-01614,2023-03-08,2023-03-10,Standard Class,CUST-0304,Consumer,East,Bihar,Patna,Office Supplies,Paper,A4 Copy Paper,8,0.1,581.27,103.78
ORD-01060,2024-07-10,2024-07-14,Standard Class,CUST-0113,Corporate,West,Rajasthan,Jaipur,Furniture,Chairs,Ergonomic Chair,6,0.0,1607.25,182.1
ORD-01958,2023-11-28,2023-11-29,Second Class,CUST-0163,Home Office,West,Rajasthan,Udaipur,Technology,Machines,Laminator,9,0.3,4575.81,-397.98
ORD-00576,2023-08-24,2023-08-25,First Class,CUST-0254,Consumer,North,Haryana,Gurgaon,Furniture,Chairs,Folding Chair,4,0.3,2925.59,-247.72
ORD-00851,2023-05-18,2023-05-24,First Class,CUST-0333,Corporate,South,Andhra Pradesh,Visakhapatnam,Office Supplies,Storage,Plastic Drawer,6,0.0,66.51,3.67
ORD-01340,2023-06-08,2023-06-13,Second Class,CUST-0220,Home Office,West,Maharashtra,Mumbai,Technology,Copiers,All-in-One Printer,7,0.0,4005.84,941.94
ORD-00912,2023-03-30,2023-04-06,Same Day,CUST-0342,Home Office,North,Uttar Pradesh,Noida,Office Supplies,Binders,3-Ring Binder,8,0.4,290.53,72.14
ORD-01255,2025-03-26,2025-03-27,Second Class,CUST-0111,Corporate,West,Goa,Panaji,Furniture,Bookcases,Metal Bookcase,10,0.0,8879.19,861.25
ORD-01723,2024-10-25,2024-10-31,Second Class,CUST-0354,Corporate,South,Andhra Pradesh,Vijayawada,Technology,Phones,Cordless Phone,2,0.15,2050.59,245.47
ORD-01878,2025-06-13,2025-06-18,Second Class,CUST-0093,Consumer,West,Maharashtra,Pune,Technology,Phones,Cordless Phone,8,0.0,9337.54,497.02
ORD-01736,2024-05-17,2024-05-24,Standard Class,CUST-0141,Home Office,South,Karnataka,Bangalore,Technology,Copiers,Desktop Copier,1,0.0,416.02,102.62
ORD-00933,2025-09-11,2025-09-12,Second Class,CUST-0256,Home Office,Central,Madhya Pradesh,Indore,Technology,Accessories,USB Cable,5,0.3,2973.47,376.72
ORD-01101,2024-07-22,2024-07-27,Standard Class,CUST-0032,Consumer,Central,Madhya Pradesh,Bhopal,Technology,Accessories,USB Cable,9,0.3,4478.21,-415.41
ORD-01658,2024-09-17,2024-09-18,First Class,CUST-0149,Home Office,South,Karnataka,Bangalore,Office Supplies,Storage,File Cabinet,5,0.3,35.19,4.55
ORD-01208,2023-01-02,2023-01-07,Second Class,CUST-0305,Consumer,Central,Chhattisgarh,Raipur,Furniture,Furnishings,Photo Frame,6,0.0,4187.4,361.83
ORD-00248,2023-05-19,2023-05-23,Second Class,CUST-0244,Corporate,South,Karnataka,Mysore,Office Supplies,Storage,Plastic Drawer,9,0.0,1130.99,310.61
ORD-00477,2024-06-06,2024-06-13,Standard Class,CUST-0358,Home Office,East,Jharkhand,Ranchi,Technology,Phones,Phone Case,7,0.0,2300.94,420.21
ORD-01695,2024-06-05,2024-06-12,First Class,CUST-0048,Consumer,South,Kerala,Kochi,Office Supplies,Labels,Shipping Labels,3,0.2,48.19,3.54
ORD-00086,2024-12-22,2024-12-27,First Class,CUST-0159,Home Office,East,Odisha,Bhubaneswar,Technology,Copiers,Desktop Copier,3,0.15,1651.19,370.39
ORD-00470,2024-04-21,2024-04-26,Same Day,CUST-0105,Home Office,Central,Madhya Pradesh,Bhopal,Furniture,Chairs,Folding Chair,4,0.0,2740.36,-42.78
ORD-00226,2024-09-09,2024-09-14,Second Class,CUST-0153,Home Office,North,Haryana,Faridabad,Office Supplies,Art,Color Pencils,1,0.3,74.94,18.35
ORD-00775,2025-01-15,2025-01-22,Second Class,CUST-0331,Consumer,North,Uttar Pradesh,Lucknow,Furniture,Chairs,Folding Chair,6,0.15,4333.98,689.83
ORD-00332,2024-05-03,2024-05-07,Standard Class,CUST-0208,Consumer,West,Maharashtra,Nagpur,Technology,Machines,Label Maker,9,0.0,10454.04,2248.78
ORD-00234,2023-07-31,2023-08-06,Same Day,CUST-0181,Corporate,Central,Chhattisgarh,Raipur,Technology,Accessories,Power Bank,7,0.5,6014.2,-666.62
ORD-00589,2023-07-19,2023-07-26,First Class,CUST-0322,Corporate,East,Jharkhand,Ranchi,Furniture,Chairs,Executive Leather Chair,4,0.0,2013.35,11.85
ORD-00476,2025-02-05,2025-02-09,Second Class,CUST-0100,Corporate,West,Goa,Panaji,Technology,Machines,Label Maker,8,0.0,1055.36,287.96
ORD-01285,2024-03-15,2024-03-19,Same Day,CUST-0026,Consumer,East,Jharkhand,Ranchi,Technology,Accessories,Wireless Mouse,6,0.5,3933.54,-775.83
ORD-01872,2023-04-08,2023-04-15,Second Class,CUST-0065,Home Office,East,Odisha,Bhubaneswar,Furniture,Chairs,Executive Leather Chair,7,0.0,792.8,106.37
ORD-00600,2025-01-02,2025-01-03,Standard Class,CUST-0174,Corporate,South,Kerala,Kochi,Technology,Accessories,Keyboard,7,0.4,6625.57,538.61
ORD-00422,2023-09-01,2023-09-06,Second Class,CUST-0302,Corporate,West,Maharashtra,Mumbai,Office Supplies,Labels,Shipping Labels,1,0.2,20.75,3.23
ORD-01712,2023-12-10,2023-12-12,First Class,CUST-0096,Corporate,South,Tamil Nadu,Chennai,Office Supplies,Art,Color Pencils,7,0.4,144.04,1.56
ORD-00183,2023-08-25,2023-08-28,Second Class,CUST-0138,Home Office,West,Goa,Panaji,Technology,Machines,Laminator,9,0.0,4397.96,378.33
ORD-00989,2025-07-05,2025-07-08,Same Day,CUST-0351,Consumer,Central,Chhattisgarh,Raipur,Office Supplies,Art,Sketch Pad,4,0.0,190.21,11.26
ORD-01001,2023-01-31,2023-02-03,Second Class,CUST-0277,Corporate,Central,Madhya Pradesh,Indore,Office Supplies,Labels,Address Labels,5,0.3,272.08,46.82
ORD-01642,2025-12-23,2025-12-30,Same Day,CUST-0322,Consumer,East,Jharkhand,Ranchi,Technology,Copiers,All-in-One Printer,3,0.15,385.67,26.04
ORD-01357,2023-03-11,2023-03-18,First Class,CUST-0024,Home Office,North,Punjab,Ludhiana,Furniture,Bookcases,Metal Bookcase,4,0.1,1825.6,308.98
ORD-01463,2025-10-23,2025-10-28,Same Day,CUST-0107,Corporate,West,Gujarat,Surat,Furniture,Bookcases,Metal Bookcase,2,0.4,334.87,2.0
ORD-00050,2023-09-16,2023-09-21,Same Day,CUST-0333,Consumer,Central,Chhattisgarh,Raipur,Office Supplies,Binders,View Binder,8,0.0,207.22,58.95
ORD-01879,2025-01-17,2025-01-24,Standard Class,CUST-0227,Home Office,South,Karnataka,Bangalore,Furniture,Bookcases,Metal Bookcase,9,0.0,2800.25,469.65
ORD-01030,2025-12-10,2025-12-17,First Class,CUST-0292,Home Office,North,Uttar Pradesh,Kanpur,Furniture,Bookcases,Glass Bookcase,2,0.1,845.19,53.99
ORD-00530,2023-08-14,2023-08-16,Same Day,CUST-0077,Home Office,North,Haryana,Faridabad,Furniture,Bookcases,Wooden Bookcase,6,0.0,5022.73,-27.54
ORD-01259,2025-06-09,2025-06-15,Standard Class,CUST-0292,Corporate,East,Jharkhand,Ranchi,Furniture,Tables,Conference Table,1,0.0,350.2,27.89
ORD-00487,2024-05-08,2024-05-10,Standard Class,CUST-0341,Consumer,South,Karnataka,Bangalore,Furniture,Furnishings,Table Lamp,3,0.15,2411.71,-60.07
ORD-01955,2024-06-21,2024-06-24,Same Day,CUST-0374,Consumer,East,Bihar,Patna,Office Supplies,Labels,Address Labels,3,0.15,94.52,26.37
ORD-00498,2023-09-12,2023-09-19,Standard Class,CUST-0044,Consumer,South,Tamil Nadu,Chennai,Technology,Accessories,USB Cable,9,0.1,829.48,-14.35
ORD-01647,2025-05-29,2025-06-05,First Class,CUST-0163,Home Office,Central,Chhattisgarh,Raipur,Furniture,Chairs,Folding Chair,4,,887.55,-127.69
ORD-00107,2023-06-11,2023-06-14,Second Class,CUST-0027,Consumer,West,Rajasthan,Udaipur,Furniture,Tables,Conference Table,9,0.1,5682.01,-53.33
ORD-00444,2023-01-17,2023-01-22,Same Day,CUST-0308,Home Office,Central,Madhya Pradesh,Bhopal,Furniture,Chairs,Ergonomic Chair,6,0.0,1441.4,51.01
ORD-01513,2023-07-07,2023-07-12,First Class,CUST-0295,Corporate,North,Delhi,New Delhi,Technology,Phones,Cordless Phone,7,0.0,5233.94,919.37
ORD-00647,2024-07-22,2024-07-28,First Class,CUST-0373,Corporate,South,Andhra Pradesh,Visakhapatnam,Office Supplies,Storage,Plastic Drawer,2,0.0,136.27,41.78
ORD-01037,2025-02-13,2025-02-20,Standard Class,CUST-0104,Consumer,Central,Madhya Pradesh,Bhopal,Technology,Accessories,USB Cable,1,0.15,862.51,-56.17
ORD-01763,2023-01-21,2023-01-26,Standard Class,CUST-0065,Corporate,North,Uttar Pradesh,Noida,Furniture,Furnishings,Wall Clock,6,0.0,905.78,16.25
ORD-00727,2025-02-27,2025-02-28,Second Class,CUST-0226,Home Office,East,West Bengal,Howrah,Furniture,Furnishings,Table Lamp,4,0.4,1863.31,-137.67
ORD-00191,2025-09-28,2025-10-03,Second Class,CUST-0114,Home Office,West,Gujarat,Surat,Technology,Machines,Label Maker,3,0.0,3016.5,-105.09
ORD-01789,2024-06-27,2024-06-28,Standard Class,CUST-0354,Consumer,North,Punjab,Amritsar,Technology,Phones,Cordless Phone,8,0.4,3471.85,-70.23
ORD-01857,2025-09-17,2025-09-23,Standard Class,CUST-0243,Consumer,West,Goa,Panaji,Technology,Machines,Laminator,5,0.5,660.48,-54.5
ORD-00283,2023-10-17,2023-10-23,Same Day,CUST-0339,Corporate,North,Uttar Pradesh,Kanpur,Technology,Phones,Cordless Phone,3,0.15,2438.13,-308.83
ORD-00030,2023-03-01,2023-03-05,Second Class,CUST-0026,Corporate,East,Jharkhand,Ranchi,Office Supplies,Paper,Notebook,9,0.0,559.2,99.86
ORD-00170,2025-03-31,2025-04-03,Same Day,CUST-0371,Corporate,North,Haryana,Gurgaon,Furniture,Chairs,Mesh Office Chair,8,0.2,5592.06,-331.99
ORD-01002,2025-12-01,2025-12-07,Same Day,CUST-0012,Home Office,Central,Madhya Pradesh,Indore,Technology,Copiers,Desktop Copier,6,0.2,3062.9,127.99
ORD-01205,2023-11-24,2023-11-29,First Class,CUST-0056,Home Office,East,Jharkhand,Ranchi,Furniture,Chairs,Mesh Office Chair,10,0.15,1018.6,-65.99
ORD-00101,2024-07-26,2024-08-02,First Class,CUST-0243,Home Office,Central,Madhya Pradesh,Bhopal,Furniture,Furnishings,Cushion,6,0.5,2740.85,-136.09
ORD-00198,2024-01-05,2024-01-12,Standard Class,CUST-0067,Home Office,North,Uttar Pradesh,Noida,Technology,Accessories,Keyboard,1,0.0,925.37,198.11
ORD-00496,2025-02-07,2025-02-14,Same Day,CUST-0141,Home Office,North,Uttar Pradesh,Kanpur,Office Supplies,Storage,Plastic Drawer,8,0.4,157.7,38.25
ORD-01746,2025-06-30,2025-07-06,Standard Class,CUST-0400,Home Office,South,Andhra Pradesh,Vijayawada,Technology,Machines,Calculator,1,0.4,731.33,-74.98
ORD-00648,2024-03-13,2024-03-18,Standard Class,CUST-0311,Corporate,Central,Madhya Pradesh,Indore,Office Supplies,Paper,Notebook,1,0.15,54.76,16.06
ORD-00988,2024-06-02,2024-06-05,Second Class,CUST-0100,Consumer,East,West Bengal,Kolkata,Technology,Copiers,All-in-One Printer,5,0.0,2936.54,-203.56
ORD-00045,2025-04-23,2025-04-29,Same Day,CUST-0212,Consumer,West,Rajasthan,Udaipur,Technology,Phones,Cordless Phone,2,0.3,2121.6,-338.48
ORD-01939,2023-11-02,2023-11-06,Standard Class,CUST-0119,Consumer,South,Kerala,Trivandrum,Office Supplies,Binders,View Binder,5,0.0,325.46,65.3
ORD-00711,2025-11-30,2025-12-05,Standard Class,CUST-0074,Home Office,Central,Chhattisgarh,Raipur,Office Supplies,Art,Sketch Pad,3,0.3,383.62,87.56
ORD-00374,2024-12-15,2024-12-22,Standard Class,CUST-0157,Consumer,Central,Madhya Pradesh,Indore,Office Supplies,Binders,Clip Binder,6,0.1,376.73,84.55
ORD-00679,2025-06-27,2025-06-29,Same Day,CUST-0198,Consumer,South,Andhra Pradesh,Vijayawada,Technology,Machines,Laminator,4,0.0,231.66,25.0
ORD-00567,2024-08-06,2024-08-07,First Class,CUST-0141,Corporate,Central,Madhya Pradesh,Indore,Office Supplies,Paper,Sticky Notes,1,0.0,138.12,10.85
ORD-01673,2023-07-12,2023-07-18,Standard Class,CUST-0121,Consumer,South,Kerala,Kochi,Technology,Phones,Cordless Phone,9,0.1,2009.91,17.32
ORD-01822,2024-09-01,2024-09-03,First Class,CUST-0158,Home Office,West,Goa,Panaji,Furniture,Tables,Round Meeting Table,8,0.0,6212.88,-164.68
ORD-00848,2023-12-02,2023-12-05,First Class,CUST-0092,Consumer,North,Haryana,Faridabad,Technology,Phones,Smartphone X200,3,0.1,156.64,28.72
ORD-00461,2024-05-20,2024-05-25,Same Day,CUST-0128,Consumer,East,Jharkhand,Ranchi,Office Supplies,Labels,Address Labels,2,0.15,253.54,67.7
ORD-01438,2024-04-13,2024-04-19,Same Day,CUST-0187,Home Office,East,Jharkhand,Ranchi,Office Supplies,Art,Marker Set,7,0.1,851.0,245.26
ORD-01156,2023-02-16,2023-02-18,Second Class,CUST-0139,Corporate,South,Andhra Pradesh,Visakhapatnam,Office Supplies,Binders,3-Ring Binder,3,0.15,47.1,1.28
ORD-00040,2024-09-14,2024-09-15,Standard Class,CUST-0391,Consumer,South,Tamil Nadu,Madurai,Office Supplies,Labels,Address Labels,9,0.3,1119.84,197.44
ORD-00435,2023-02-10,2023-02-17,Standard Class,CUST-0101,Home Office,East,Bihar,Patna,Furniture,Bookcases,Glass Bookcase,4,0.15,1039.39,44.91
ORD-00974,2025-04-14,2025-04-15,Standard Class,CUST-0085,Corporate,South,Karnataka,Mysore,Technology,Copiers,Desktop Copier,6,0.2,6238.42,-43.79
ORD-01240,2025-06-25,2025-06-26,Second Class,CUST-0393,Home Office,West,Goa,Panaji,Furniture,Chairs,Executive Leather Chair,7,0.0,4939.65,339.07
ORD-01008,2023-07-02,2023-07-06,First Class,CUST-0004,Corporate,Central,Madhya Pradesh,Bhopal,Technology,Machines,Calculator,8,0.3,3877.61,823.96
ORD-01580,2025-07-03,2025-07-08,First Class,CUST-0287,Corporate,West,Maharashtra,Nagpur,Furniture,Chairs,Mesh Office Chair,10,0.0,8597.83,1541.28
ORD-01591,2025-09-10,2025-09-12,Same Day,CUST-0057,Corporate,East,Bihar,Patna,Technology,Machines,Laminator,6,0.4,3071.93,-90.45
ORD-01787,2023-07-14,2023-07-20,Second Class,CUST-0306,Consumer,Central,Madhya Pradesh,Indore,Technology,Copiers,Desktop Copier,9,0.0,1244.91,179.43
ORD-01499,2025-01-01,2025-01-05,Same Day,CUST-0254,Corporate,West,Goa,Panaji,Technology,Copiers,Desktop Copier,7,0.0,4682.37,569.88
ORD-00457,2024-09-05,2024-09-08,Same Day,CUST-0097,Corporate,Central,Madhya Pradesh,Bhopal,Furniture,Tables,Conference Table,10,0.3,5427.86,732.99
ORD-01836,2024-06-21,2024-06-26,Same Day,CUST-0271,Home Office,West,Goa,Panaji,Furniture,Tables,Computer Desk,1,0.2,404.42,8.82
ORD-00261,2024-09-05,2024-09-06,Second Class,CUST-0265,Home Office,West,Rajasthan,Jaipur,Furniture,Bookcases,Wooden Bookcase,7,0.3,5117.49,496.94
ORD-01841,2025-08-05,2025-08-07,Second Class,CUST-0340,Corporate,West,Rajasthan,Udaipur,Technology,Phones,Cordless Phone,5,0.0,3205.92,389.94
ORD-00036,2024-06-13,2024-06-16,Standard Class,CUST-0151,Consumer,East,Bihar,Patna,Technology,Accessories,USB Cable,4,0.4,3245.05,445.13
ORD-00828,2025-11-09,2025-11-11,Same Day,CUST-0222,Home Office,Central,Chhattisgarh,Raipur,Office Supplies,Art,Sketch Pad,10,0.0,951.57,214.76
ORD-00310,2024-04-03,2024-04-05,Second Class,CUST-0145,Corporate,Central,Chhattisgarh,Raipur,Office Supplies,Paper,Notebook,6,0.0,797.69,66.9
ORD-00277,2023-06-08,2023-06-14,First Class,CUST-0223,Corporate,East,Jharkhand,Ranchi,Office Supplies,Labels,Address Labels,10,0.3,94.81,0.64
ORD-00637,2025-09-16,2025-09-19,Standard Class,CUST-0330,Corporate,Central,Madhya Pradesh,Indore,Furniture,Furnishings,Photo Frame,6,0.0,4232.49,208.82
ORD-00655,2023-12-16,2023-12-17,First Class,CUST-0047,Home Office,Central,Chhattisgarh,Raipur,Technology,Accessories,Power Bank,6,0.2,2154.44,413.53
ORD-00623,2025-11-26,2025-12-01,First Class,CUST-0051,Corporate,Central,Chhattisgarh,Raipur,Office Supplies,Art,Sketch Pad,3,0.1,32.24,3.66
ORD-01860,2024-05-01,2024-05-07,Standard Class,CUST-0287,Home Office,South,Andhra Pradesh,Vijayawada,Office Supplies,Labels,Address Labels,3,0.5,258.89,21.82
ORD-00845,2024-04-01,2024-04-05,Standard Class,CUST-0141,Home Office,East,Bihar,Patna,Furniture,Bookcases,Metal Bookcase,5,0.4,367.46,-25.82
ORD-00394,2025-01-08,2025-01-12,Same Day,CUST-0028,Consumer,East,Bihar,Patna,Technology,Machines,Label Maker,3,0.0,2784.68,430.68
ORD-01770,2025-08-17,2025-08-23,Standard Class,CUST-0066,Corporate,Central,Madhya Pradesh,Bhopal,Furniture,Bookcases,Wooden Bookcase,4,0.3,783.63,102.65
ORD-00108,2025-04-26,2025-04-29,Standard Class,CUST-0394,Consumer,West,Maharashtra,Nagpur,Furniture,Chairs,Mesh Office Chair,7,0.1,4178.38,497.13
ORD-00350,2024-12-03,2024-12-09,Standard Class,CUST-0076,Corporate,East,Jharkhand,Ranchi,Office Supplies,Storage,Plastic Drawer,3,0.1,143.88,46.22
ORD-00525,2024-02-27,2024-03-05,Same Day,CUST-0095,Consumer,West,Gujarat,Surat,Office Supplies,Paper,Notebook,7,0.2,253.99,39.04
ORD-00785,2025-10-20,2025-10-26,Standard Class,CUST-0318,Consumer,West,Rajasthan,Udaipur,Office Supplies,Labels,Address Labels,8,0.1,710.25,44.16
ORD-00048,2023-10-24,2023-10-28,First Class,CUST-0283,Home Office,South,Karnataka,Bangalore,Office Supplies,Art,Sketch Pad,9,0.4,42.55,4.42
ORD-00204,2023-03-22,2023-03-27,Standard Class,CUST-0132,Home Office,West,Gujarat,Surat,Office Supplies,Paper,A4 Copy Paper,1,0.4,120.12,-0.36
ORD-01497,2024-11-01,2024-11-05,Second Class,CUST-0120,Consumer,South,Tamil Nadu,Chennai,Technology,Copiers,Desktop Copier,5,0.15,3692.02,77.56
ORD-01656,2025-05-06,2025-05-07,First Class,CUST-0102,Corporate,West,Gujarat,Ahmedabad,Furniture,Bookcases,Wooden Bookcase,3,0.1,2012.48,196.05
ORD-00022,2024-06-18,2024-06-20,Second Class,CUST-0187,Corporate,Central,Chhattisgarh,Raipur,Furniture,Furnishings,Cushion,6,0.1,2548.25,-16.1
ORD-00403,2025-08-05,2025-08-07,Second Class,CUST-0095,Consumer,South,Andhra Pradesh,Vijayawada,Furniture,Furnishings,Cushion,6,0.15,3217.46,17.16
ORD-01108,2025-10-15,2025-10-17,Second Class,CUST-0158,Home Office,North,Punjab,Amritsar,Office Supplies,Storage,Plastic Drawer,7,0.2,761.56,29.14
ORD-01155,2023-07-10,2023-07-16,Same Day,CUST-0093,Corporate,West,Maharashtra,Mumbai,Office Supplies,Paper,A4 Copy Paper,10,0.0,169.31,23.96
ORD-01440,2025-01-09,2025-01-15,Same Day,CUST-0073,Home Office,North,Punjab,Amritsar,Office Supplies,Art,Marker Set,1,0.1,32.57,7.79
ORD-01994,2024-01-13,2024-01-18,Second Class,CUST-0347,Corporate,North,Uttar Pradesh,Lucknow,Furniture,Bookcases,Metal Bookcase,1,0.0,327.87,21.97
ORD-00990,2023-05-30,2023-06-03,Second Class,CUST-0137,Home Office,East,West Bengal,Kolkata,Furniture,Furnishings,Wall Clock,1,0.3,263.03,11.11
ORD-01866,2025-10-01,2025-10-03,Same Day,CUST-0155,Home Office,South,Tamil Nadu,Chennai,Office Supplies,Paper,A4 Copy Paper,8,0.3,852.95,7.93
ORD-00742,2023-02-01,2023-02-02,Second Class,CUST-0319,Home Office,West,Gujarat,Ahmedabad,Office Supplies,Binders,3-Ring Binder,6,0.2,835.44,109.1
ORD-01722,2023-05-26,2023-05-29,First Class,CUST-0014,Corporate,West,Rajasthan,Udaipur,Technology,Machines,Label Maker,10,0.2,10855.32,90.55
ORD-01311,2024-07-20,2024-07-21,Same Day,CUST-0247,Corporate,Central,Chhattisgarh,Raipur,Furniture,Tables,Computer Desk,7,0.3,672.19,46.45
ORD-01148,2023-06-04,2023-06-05,Same Day,CUST-0105,Consumer,Central,Chhattisgarh,Raipur,Furniture,Tables,Computer Desk,5,0.5,2235.79,-70.05
ORD-00034,2024-12-12,2024-12-17,First Class,CUST-0316,Home Office,West,Rajasthan,Jaipur,Technology,Machines,Laminator,7,0.4,7114.22,807.59
ORD-00788,2025-09-09,2025-09-10,First Class,CUST-0364,Corporate,South,Karnataka,Bangalore,Office Supplies,Art,Marker Set,1,0.0,125.42,7.93
ORD-01541,2024-09-12,2024-09-18,Standard Class,CUST-0299,Corporate,Central,Chhattisgarh,Raipur,Technology,Machines,Laminator,7,0.3,1064.59,-110.35
ORD-00924,2025-03-07,2025-03-09,Same Day,CUST-0190,Corporate,Central,Madhya Pradesh,Indore,Technology,Accessories,Wireless Mouse,6,0.1,2767.76,-214.54
ORD-01044,2025-01-27,2025-02-03,First Class,CUST-0103,Corporate,West,Goa,Panaji,Office Supplies,Storage,File Cabinet,7,0.15,900.89,272.81
ORD-01936,2024-12-10,2024-12-13,Second Class,CUST-0330,Home Office,East,Bihar,Patna,Technology,Machines,Label Maker,5,0.5,2412.73,-42.43
ORD-01244,2025-11-15,2025-11-21,Second Class,CUST-0348,Consumer,East,Odisha,Bhubaneswar,Technology,Accessories,USB Cable,8,0.0,4737.58,740.75
ORD-01916,2023-03-15,2023-03-22,Same Day,CUST-0382,Home Office,East,West Bengal,Kolkata,Technology,Copiers,Desktop Copier,5,0.15,994.18,222.84
ORD-00580,2024-06-11,2024-06-17,Standard Class,CUST-0076,Corporate,West,Rajasthan,Udaipur,Office Supplies,Binders,Clip Binder,5,0.4,590.7,103.81
ORD-00482,2023-06-25,2023-06-29,Standard Class,CUST-0050,Consumer,North,Haryana,Gurgaon,Office Supplies,Binders,View Binder,4,0.0,410.23,138.07
ORD-00932,2023-11-16,2023-11-23,Standard Class,CUST-0166,Corporate,East,Bihar,Patna,Technology,Accessories,USB Cable,4,0.0,4262.19,-308.17
ORD-00357,2024-07-13,2024-07-17,Standard Class,CUST-0079,Corporate,South,Andhra Pradesh,Vijayawada,Furniture,Tables,Coffee Table,5,0.15,2550.67,111.02
ORD-01686,2023-02-09,2023-02-15,Standard Class,CUST-0227,Consumer,West,Rajasthan,Udaipur,Furniture,Bookcases,Metal Bookcase,3,0.15,1079.15,40.27
ORD-01249,2025-05-12,2025-05-14,Standard Class,CUST-0092,Consumer,East,Bihar,Patna,Furniture,Bookcases,Glass Bookcase,7,0.5,3550.81,71.43
ORD-00760,2025-09-29,2025-10-02,Standard Class,CUST-0377,Home Office,South,Tamil Nadu,Madurai,Furniture,Bookcases,Metal Bookcase,8,0.4,6313.8,220.05
ORD-00093,2024-04-04,2024-04-05,Same Day,CUST-0270,Corporate,South,Karnataka,Bangalore,Office Supplies,Binders,Clip Binder,9,0.0,654.96,49.69
ORD-01176,2025-10-22,2025-10-27,Standard Class,CUST-0078,Consumer,West,Rajasthan,Jaipur,Furniture,Tables,Conference Table,5,0.3,3392.43,372.07
ORD-01416,2024-02-03,2024-02-06,Second Class,CUST-0356,Consumer,East,West Bengal,Kolkata,Technology,Machines,Laminator,3,0.3,3103.25,472.11
ORD-01342,2024-10-30,2024-11-06,Second Class,CUST-0010,Consumer,South,Karnataka,Mysore,Technology,Phones,Smartphone X200,5,0.0,2600.93,72.57
ORD-01473,2023-12-08,2023-12-14,Second Class,CUST-0216,Consumer,North,Delhi,New Delhi,Technology,Phones,Cordless Phone,2,0.0,533.61,156.6
ORD-00804,2025-09-10,2025-09-17,Standard Class,CUST-0245,Home Office,South,Karnataka,Mysore,Office Supplies,Art,Marker Set,2,0.0,170.38,15.01
ORD-00746,2023-05-19,2023-05-21,Standard Class,CUST-0079,Corporate,West,Rajasthan,Udaipur,Technology,Accessories,Power Bank,10,0.1,6102.87,-625.52
ORD-01547,2025-09-28,2025-10-04,Same Day,CUST-0019,Consumer,South,Kerala,Kochi,Technology,Machines,Calculator,6,0.1,3759.32,622.37
ORD-00280,2025-09-11,2025-09-16,Second Class,CUST-0165,Corporate,South,Andhra Pradesh,Visakhapatnam,Technology,Accessories,Wireless Mouse,4,0.0,1687.69,77.81
ORD-01608,2025-05-05,2025-05-11,Standard Class,CUST-0198,Consumer,North,Delhi,New Delhi,Technology,Accessories,Power Bank,9,0.1,5837.22,1391.2
ORD-00765,2024-01-17,2024-01-21,Second Class,CUST-0165,Consumer,East,West Bengal,Howrah,Furniture,Chairs,Executive Leather Chair,3,0.1,2557.41,268.51
ORD-00605,2023-09-17,2023-09-21,Second Class,CUST-0254,Home Office,South,Kerala,Kochi,Office Supplies,Storage,Plastic Drawer,4,0.0,95.24,6.94
ORD-01992,2024-12-23,2024-12-24,First Class,CUST-0305,Home Office,Central,Madhya Pradesh,Indore,Furniture,Tables,Coffee Table,3,0.15,988.1,-75.47
ORD-01374,2023-07-15,2023-07-21,Second Class,CUST-0012,Corporate,East,Bihar,Patna,Technology,Copiers,All-in-One Printer,5,0.0,3415.97,417.38
ORD-01952,2023-07-26,2023-07-28,Second Class,CUST-0073,Home Office,North,Delhi,New Delhi,Furniture,Furnishings,Wall Clock,6,0.3,1570.79,-155.7
ORD-01399,2023-08-27,2023-09-03,Second Class,CUST-0397,Consumer,Central,Chhattisgarh,Raipur,Office Supplies,Binders,3-Ring Binder,4,0.4,287.96,64.0
ORD-00401,2025-11-17,2025-11-20,Second Class,CUST-0268,Corporate,West,Gujarat,Ahmedabad,Office Supplies,Labels,Address Labels,5,0.15,78.7,4.59
ORD-01729,2025-06-04,2025-06-10,Second Class,CUST-0258,Consumer,South,Andhra Pradesh,Visakhapatnam,Technology,Copiers,Desktop Copier,3,0.0,593.06,87.59
ORD-00258,2023-02-23,2023-03-02,Second Class,CUST-0015,Consumer,West,Maharashtra,Mumbai,Office Supplies,Labels,Address Labels,2,0.1,258.78,42.17
ORD-00945,2023-12-09,2023-12-16,Same Day,CUST-0241,Consumer,Central,Chhattisgarh,Raipur,Furniture,Bookcases,Wooden Bookcase,8,0.0,2458.33,253.26
ORD-01876,2023-06-28,2023-06-30,First Class,CUST-0233,Corporate,West,Goa,Panaji,Office Supplies,Art,Marker Set,3,0.2,178.36,2.97
ORD-01097,2023-11-11,2023-11-18,Second Class,CUST-0345,Consumer,West,Goa,Panaji,Office Supplies,Storage,Storage Box,2,0.5,35.55,2.38
ORD-01220,2023-12-18,2023-12-25,First Class,CUST-0378,Corporate,East,Jharkhand,Ranchi,Furniture,Furnishings,Wall Clock,1,0.0,686.52,27.87
ORD-01508,2023-05-18,2023-05-21,Same Day,CUST-0376,Home Office,North,Haryana,Gurgaon,Furniture,Chairs,Ergonomic Chair,7,0.1,722.66,-12.07
ORD-01880,2024-08-30,2024-09-01,Standard Class,CUST-0294,Consumer,South,Tamil Nadu,Madurai,Technology,Accessories,USB Cable,3,0.5,904.81,66.63
ORD-01162,2023-02-12,2023-02-13,Standard Class,CUST-0130,Consumer,Central,Chhattisgarh,Raipur,Office Supplies,Art,Sketch Pad,4,0.5,318.81,58.48
ORD-00495,2024-12-29,2025-01-02,Second Class,CUST-0335,Home Office,South,Tamil Nadu,Chennai,Technology,Machines,Calculator,7,0.0,3602.15,75.92
ORD-00773,2024-03-04,2024-03-07,Second Class,CUST-0128,Corporate,South,Kerala,Trivandrum,Office Supplies,Labels,Shipping Labels,10,0.2,998.82,181.47
ORD-00551,2025-07-09,2025-07-15,Standard Class,CUST-0190,Corporate,Central,Madhya Pradesh,Bhopal,Furniture,Tables,Coffee Table,9,0.1,6241.91,1049.23
ORD-01487,2024-05-25,2024-05-31,First Class,CUST-0312,Corporate,Central,Madhya Pradesh,Indore,Technology,Accessories,Keyboard,6,0.0,2646.18,766.42
ORD-00202,2023-04-10,2023-04-15,Same Day,CUST-0339,Consumer,North,Delhi,New Delhi,Furniture,Chairs,Ergonomic Chair,8,0.0,3134.46,4.31
ORD-00313,2024-09-22,2024-09-26,First Class,CUST-0200,Home Office,North,Delhi,New Delhi,Office Supplies,Art,Color Pencils,1,0.0,123.47,30.65
ORD-00291,2025-07-26,2025-07-28,Standard Class,CUST-0232,Corporate,West,Goa,Panaji,Technology,Copiers,All-in-One Printer,7,0.5,4360.62,-804.95
ORD-01214,2024-01-06,2024-01-10,Same Day,CUST-0129,Corporate,West,Maharashtra,Nagpur,Furniture,Chairs,Ergonomic Chair,6,0.15,1549.03,59.43
ORD-00764,2023-10-12,2023-10-14,Second Class,CUST-0363,Corporate,North,Punjab,Ludhiana,Technology,Phones,Smartphone X200,7,0.0,752.49,-17.27
ORD-01137,2025-10-13,2025-10-15,Standard Class,CUST-0321,Corporate,West,Goa,Panaji,Office Supplies,Binders,3-Ring Binder,6,0.1,535.09,144.23
ORD-00950,2024-12-17,2024-12-23,Same Day,CUST-0061,Consumer,West,Maharashtra,Nagpur,Technology,Phones,Smartphone X200,10,0.4,7468.95,-660.66
ORD-00184,2023-05-07,2023-05-09,Second Class,CUST-0244,Corporate,North,Delhi,New Delhi,Technology,Copiers,Desktop Copier,9,0.5,4979.92,144.84
ORD-01177,2024-11-19,2024-11-26,Standard Class,CUST-0052,Home Office,West,Rajasthan,Udaipur,Furniture,Bookcases,Metal Bookcase,10,0.15,6916.46,831.76
ORD-01849,2025-12-17,2025-12-24,Same Day,CUST-0053,Home Office,Central,Madhya Pradesh,Indore,Office Supplies,Labels,Address Labels,4,0.2,298.65,26.44
ORD-01350,2023-11-05,2023-11-08,Same Day,CUST-0281,Corporate,North,Haryana,Faridabad,Furniture,Tables,Coffee Table,7,0.1,5837.63,64.19
ORD-01728,2024-04-29,2024-05-01,Standard Class,CUST-0104,Consumer,East,Bihar,Patna,Furniture,Chairs,Executive Leather Chair,2,0.1,479.64,-2.16
ORD-01069,2023-03-09,2023-03-10,Standard Class,CUST-0326,Home Office,West,Gujarat,Surat,Office Supplies,Paper,Sticky Notes,4,0.3,408.3,113.86
ORD-01469,2024-07-29,2024-08-02,First Class,CUST-0296,Corporate,North,Punjab,Ludhiana,Furniture,Chairs,Ergonomic Chair,10,0.4,6279.64,-290.96
ORD-01812,2024-09-09,2024-09-14,Second Class,CUST-0060,Corporate,Central,Chhattisgarh,Raipur,Technology,Machines,Calculator,7,0.0,4564.12,280.18
ORD-01031,2025-08-07,2025-08-13,Second Class,CUST-0035,Home Office,West,Gujarat,Ahmedabad,Office Supplies,Labels,Address Labels,1,0.4,103.05,21.9
ORD-00251,2023-09-20,2023-09-21,Standard Class,CUST-0346,Consumer,Central,Chhattisgarh,Raipur,Technology,Phones,Phone Case,6,0.0,1506.12,264.6
ORD-00824,2025-11-30,2025-12-03,Same Day,CUST-0196,Corporate,Central,Chhattisgarh,Raipur,Technology,Copiers,Desktop Copier,9,0.0,826.91,16.02
ORD-01100,2023-12-01,2023-12-06,Same Day,CUST-0302,Home Office,East,Odisha,Bhubaneswar,Office Supplies,Art,Color Pencils,10,0.4,937.22,97.43
ORD-01537,2023-11-11,2023-11-18,Same Day,CUST-0175,Corporate,Central,Chhattisgarh,Raipur,Furniture,Chairs,Folding Chair,6,0.1,3914.4,271.15
ORD-00941,2024-06-18,2024-06-25,Same Day,CUST-0369,Consumer,East,Jharkhand,Ranchi,Furniture,Furnishings,Photo Frame,1,0.0,233.17,7.64
ORD-00392,2025-02-24,2025-03-02,Same Day,CUST-0344,Corporate,West,Rajasthan,Jaipur,Furniture,Chairs,Executive Leather Chair,6,0.0,5060.84,-246.26
ORD-01920,2025-02-06,2025-02-07,Standard Class,CUST-0167,Home Office,Central,Chhattisgarh,Raipur,Technology,Copiers,Desktop Copier,6,0.3,4695.61,275.79
ORD-01457,2023-05-21,2023-05-26,Standard Class,CUST-0125,Consumer,South,Karnataka,Mysore,Technology,Phones,Smartphone X200,2,0.4,1434.02,172.28
ORD-01093,2024-07-02,2024-07-04,Second Class,CUST-0015,Home Office,West,Goa,Panaji,Office Supplies,Paper,A4 Copy Paper,6,0.3,41.18,0.62
ORD-01192,2023-08-16,2023-08-18,Standard Class,CUST-0391,Home Office,Central,Madhya Pradesh,Indore,Office Supplies,Storage,Storage Box,3,0.5,150.34,8.82
ORD-00905,2025-03-27,2025-04-01,Same Day,CUST-0200,Consumer,South,Karnataka,Mysore,Technology,Machines,Calculator,1,0.1,231.72,19.83
ORD-00731,2023-04-28,2023-05-01,Same Day,CUST-0111,Home Office,West,Gujarat,Ahmedabad,Technology,Machines,Laminator,5,0.4,3902.47,-494.28
ORD-00555,2025-03-21,2025-03-22,First Class,CUST-0172,Consumer,East,Odisha,Bhubaneswar,Office Supplies,Storage,File Cabinet,7,0.0,39.22,3.77
ORD-00367,2025-10-12,2025-10-19,Same Day,CUST-0097,Consumer,East,Bihar,Patna,Furniture,Bookcases,Metal Bookcase,2,0.4,696.12,-51.19
ORD-00346,2025-11-20,2025-11-26,First Class,CUST-0123,Home Office,East,West Bengal,Kolkata,Office Supplies,Storage,File Cabinet,10,0.0,581.33,163.98
ORD-01609,2025-12-07,2025-12-08,Second Class,CUST-0195,Corporate,West,Goa,Panaji,Furniture,Bookcases,Metal Bookcase,10,0.3,1069.36,-28.32
ORD-00536,2025-01-18,2025-01-20,Standard Class,CUST-0147,Consumer,North,Punjab,Ludhiana,Furniture,Furnishings,Wall Clock,3,0.15,1332.82,50.04
ORD-01423,2025-05-11,2025-05-18,Standard Class,CUST-0159,Home Office,South,Andhra Pradesh,Vijayawada,Furniture,Chairs,Executive Leather Chair,1,0.1,652.18,-34.9
ORD-01210,2023-12-10,2023-12-12,Standard Class,CUST-0116,Corporate,East,West Bengal,Kolkata,Furniture,Bookcases,Glass Bookcase,6,0.1,2107.56,373.73
ORD-01373,2023-03-25,2023-03-30,Second Class,CUST-0391,Home Office,West,Gujarat,Ahmedabad,Furniture,Chairs,Executive Leather Chair,1,0.2,765.03,-22.46
ORD-01640,2023-09-16,2023-09-21,First Class,CUST-0218,Consumer,North,Haryana,Gurgaon,Technology,Accessories,Power Bank,1,0.0,951.34,-63.49
ORD-00920,2025-08-02,2025-08-06,Standard Class,CUST-0330,Home Office,Central,Chhattisgarh,Raipur,Technology,Accessories,Power Bank,9,0.0,9113.42,889.13
ORD-00212,2023-08-22,2023-08-23,Standard Class,CUST-0131,Home Office,South,Tamil Nadu,Coimbatore,Office Supplies,Storage,Plastic Drawer,9,0.4,161.7,29.92
ORD-01604,2023-03-14,2023-03-18,Same Day,CUST-0057,Corporate,Central,Madhya Pradesh,Bhopal,Furniture,Bookcases,Wooden Bookcase,6,0.15,3820.23,584.11
ORD-00503,2024-07-13,2024-07-15,Same Day,CUST-0049,Home Office,South,Kerala,Kochi,Furniture,Furnishings,Wall Clock,7,0.5,5119.75,164.25
ORD-00538,2025-02-12,2025-02-14,Second Class,CUST-0028,Corporate,South,Andhra Pradesh,Vijayawada,Furniture,Furnishings,Wall Clock,9,0.4,4563.25,-235.93
ORD-01221,2023-06-14,2023-06-21,Same Day,CUST-0087,Corporate,Central,Chhattisgarh,Raipur,Technology,Accessories,Wireless Mouse,3,0.0,516.7,141.33
ORD-00176,2023-10-30,2023-11-04,Same Day,CUST-0333,Corporate,South,Tamil Nadu,Madurai,Office Supplies,Binders,Clip Binder,7,0.0,376.61,68.19